AIRLINE_ID,CARRIER_GROUP,CARRIER_GROUP_NEW
19031,1,6
19032,1,1
19033,1,6
19034,1,6
19035,1,6
19036,1,6
19037,1,6
19038,1,6
19039,1,6
19040,1,6
19041,1,6
19042,1,6
19043,1,6
19044,1,6
19045,1,6
19046,1,6
19047,1,6
19048,1,6
19049,1,6
19050,1,6
19051,1,6
19052,1,6
19053,1,6
19054,1,6
19055,1,6
19056,1,6
19057,1,6
19058,1,6
19059,1,6
19060,1,6
19061,1,6
19062,1,6
19063,1,6
19064,1,6
19065,1,1
19066,1,6
19067,1,6
19068,1,6
19069,1,6
19070,1,6
19071,1,6
19072,1,6
19073,1,6
19074,1,6
19075,1,6
19076,1,6
19077,1,6
19078,1,6
19079,1,6
19080,1,6
19081,1,6
19082,1,6
19083,1,6
19084,1,6
19085,1,6
19086,1,6
19087,1,6
19088,1,6
19089,1,6
19090,1,6
19091,1,6
19092,1,6
19093,1,6
19094,1,6
19095,1,6
19096,1,6
19097,1,6
19098,1,6
19099,1,6
19100,1,6
19101,1,6
19102,1,6
19103,1,6
19104,1,6
19105,1,6
19106,1,6
19107,1,6
19108,1,6
19109,1,6
19110,1,6
19111,1,6
19112,1,6
19113,1,6
19114,1,6
19115,1,6
19116,1,6
19117,1,6
19118,1,6
19119,1,6
19120,1,6
19121,1,6
19122,1,6
19123,1,6
19124,1,6
19125,1,6
19126,1,6
19127,1,6
19128,1,6
19129,1,6
19130,1,6
19131,1,6
19132,1,6
19133,1,6
19134,1,6
19135,1,6
19136,1,6
19137,1,6
19138,1,6
19139,1,6
19140,1,6
19141,1,6
19142,1,6
19143,1,6
19144,1,6
19145,1,6
19146,1,6
19147,1,6
19148,1,6
19149,1,6
19150,1,6
19151,1,6
19152,1,6
19153,1,6
19154,1,6
19155,1,6
19156,1,6
19157,1,6
19158,1,6
19159,1,6
19160,1,6
19161,1,6
19162,1,6
19163,1,6
19164,1,6
19165,1,6
19166,1,6
19167,1,6
19168,1,6
19169,1,6
19170,1,6
19171,1,6
19172,1,6
19173,1,6
19174,1,6
19175,1,6
19176,1,6
19177,1,6
19178,1,6
19179,1,6
19180,1,6
19181,1,6
19182,1,6
19183,1,6
19184,1,6
19185,1,6
19186,1,6
19187,1,6
19188,1,6
19189,1,6
19190,1,6
19191,1,6
19192,1,6
19193,1,6
19194,1,6
19195,1,6
19196,1,6
19197,1,6
19198,1,6
19199,1,6
19200,1,6
19201,1,6
19202,1,6
19203,1,6
19204,1,6
19205,1,6
19206,1,6
19207,1,6
19208,1,6
19209,1,6
19210,1,6
19211,1,6
19212,1,6
19213,1,6
19214,1,6
19215,1,6
19216,1,6
19217,1,6
19218,1,6
19219,1,6
19220,1,6
19221,1,6
19222,1,6
19223,1,6
19224,1,6
19225,1,6
19226,1,6
19227,1,6
19228,1,6
19229,1,6
19230,1,6
19231,1,6
19232,1,6
19233,1,6
19234,1,6
19235,1,6
19236,1,6
19237,1,6
19238,1,6
19239,1,6
19240,1,6
19241,1,6
19242,1,6
19243,1,6
19244,1,6
19245,1,6
19246,1,6
19247,1,6
19248,1,6
19249,1,6
19250,1,6
19251,1,6
19252,1,6
19253,1,6
19254,1,6
19255,1,6
19256,1,6
19257,1,6
19258,1,6
19259,1,6
19260,1,6
19261,1,6
19262,1,6
19263,1,6
19264,1,6
19265,1,6
19266,1,6
19267,1,6
19268,1,6
19269,1,6
19270,1,6
19271,1,6
19272,1,6
19273,1,6
19274,1,6
19275,1,6
19276,1,6
19277,1,6
19278,1,6
19279,1,6
19280,1,6
19281,1,6
19282,1,6
19283,1,6
19284,1,6
19285,1,6
19286,1,6
19287,1,6
19288,1,6
19289,1,6
19290,1,6
19291,1,6
19292,1,6
19293,1,6
19294,1,6
19295,1,6
19296,1,6
19297,1,6
19298,1,6
19299,1,6
19300,1,6
19301,1,6
19302,1,6
19303,1,6
19304,1,6
19305,1,6
19306,1,6
19307,1,6
19308,1,6
19309,1,6
19310,1,6
19311,1,6
19312,1,6
19313,1,6
19314,1,6
19315,1,6
19316,1,6
19317,1,6
19318,1,6
19319,1,6
19320,1,6
19321,1,6
19322,1,6
19323,1,6
19324,1,6
19325,1,6
19326,1,6
19327,1,6
19328,1,6
19329,1,6
19330,1,6
19331,1,6
19332,1,6
19333,1,6
19334,1,6
19335,1,6
19336,1,6
19337,1,6
19338,1,6
19339,1,6
19340,1,6
19341,1,6
19342,1,6
19343,1,6
19344,1,6
19345,1,6
19346,1,6
19347,1,6
19348,1,6
19349,1,6
19350,1,6
19351,1,6
19352,1,6
19353,1,6
19354,1,6
19355,1,6
19356,1,6
19357,1,6
19358,1,6
19359,1,6
19360,1,6
19361,1,6
19362,1,6
19363,1,6
19364,1,6
19365,1,6
19366,1,6
19367,1,6
19368,1,6
19369,1,6
19370,1,6
19371,1,6
19372,1,6
19373,1,6
19374,1,6
19375,1,6
19376,1,6
19377,1,6
19378,1,6
19379,1,6
19380,1,6
19381,1,6
19382,1,6
19383,1,6
19384,1,6
19385,1,1
19386,3,3
19386,3,3
19386,3,3
19386,3,3
19387,2,2
19388,1,6
19389,3,3
19389,3,3
19389,3,3
19390,3,3
19391,3,3
19392,1,1
19392,1,1
19392,1,1
19393,3,3
19393,3,3
19394,1,1
19395,1,6
19396,1,1
19397,3,3
19398,1,6
19399,3,3
19400,1,1
19400,1,1
19400,1,1
19401,1,1
19402,2,2
19402,2,2
19403,1,1
19403,1,1
19403,1,1
19404,7,7
19405,7,7
19406,7,7
19407,7,7
19408,7,7
19409,7,7
19410,7,7
19411,7,7
19412,7,7
19413,7,7
19414,7,7
19415,7,7
19416,7,7
19417,7,7
19418,7,7
19419,7,7
19420,7,7
19421,7,7
19422,7,7
19423,7,7
19424,7,7
19425,7,7
19426,7,7
19427,7,7
19428,7,7
19429,7,7
19430,7,7
19431,7,7
19432,7,7
19433,7,7
19434,7,7
19435,7,7
19436,7,7
19437,7,7
19438,7,7
19439,7,7
19440,7,7
19441,7,7
19442,7,7
19443,7,7
19444,7,7
19445,7,7
19446,7,7
19447,2,2
19447,2,2
19447,2,2
19448,0,0
19449,0,0
19450,0,0
19451,0,0
19452,0,0
19453,0,0
19454,0,0
19455,0,0
19456,0,0
19457,0,0
19458,0,0
19459,0,0
19460,0,0
19461,0,0
19462,0,0
19463,0,0
19464,0,0
19465,0,0
19466,0,0
19467,0,0
19468,0,0
19469,0,0
19470,0,0
19471,0,0
19472,0,0
19473,0,0
19474,0,0
19475,0,0
19476,0,0
19477,0,0
19478,0,0
19479,0,0
19480,0,0
19481,0,0
19482,0,0
19483,0,0
19484,0,0
19485,0,0
19486,0,0
19487,0,0
19488,0,0
19489,0,0
19490,0,0
19491,0,0
19492,0,0
19493,0,0
19494,0,0
19495,0,0
19496,0,0
19497,0,0
19498,0,0
19499,0,0
19500,0,0
19501,0,0
19502,0,0
19503,7,7
19504,0,0
19505,0,0
19506,0,0
19507,0,0
19508,0,0
19509,0,0
19510,0,0
19511,0,0
19512,0,0
19513,0,0
19514,0,0
19515,0,0
19516,0,0
19517,0,0
19518,0,0
19519,0,0
19520,0,0
19521,0,0
19522,0,0
19523,0,0
19524,0,0
19525,0,0
19526,0,0
19527,0,0
19528,0,0
19529,0,0
19530,0,0
19531,0,0
19532,0,0
19533,0,0
19533,0,0
19534,0,0
19535,0,0
19536,0,0
19537,0,0
19538,0,0
19539,0,0
19539,0,0
19540,0,0
19541,0,0
19542,0,0
19542,0,0
19543,0,0
19544,0,0
19545,0,0
19546,0,0
19547,0,0
19548,0,0
19549,0,0
19550,0,0
19551,0,0
19552,0,0
19553,0,0
19554,0,0
19555,0,0
19556,0,0
19557,0,0
19558,0,0
19559,0,0
19560,0,0
19561,0,0
19562,0,0
19563,0,0
19564,0,0
19565,0,0
19566,0,0
19567,0,0
19568,0,0
19569,0,0
19570,0,0
19571,0,0
19572,0,0
19573,0,0
19573,0,0
19574,0,0
19575,0,0
19576,0,0
19577,0,0
19578,2,2
19579,0,0
19580,0,0
19581,1,6
19582,1,6
19583,1,6
19584,1,6
19585,1,6
19586,1,6
19587,1,1
19587,1,1
19587,1,1
19588,1,6
19589,1,6
19590,1,6
19591,1,6
19592,1,6
19593,1,6
19594,1,6
19595,1,6
19596,1,6
19597,1,6
19598,1,6
19599,1,6
19600,1,6
19601,1,6
19602,1,1
19602,1,1
19603,1,1
19604,1,1
19605,1,6
19606,1,6
19607,1,6
19608,3,3
19608,3,3
19608,3,3
19608,3,3
19609,0,0
19610,1,1
19611,1,6
19612,1,1
19613,1,1
19613,1,1
19613,1,1
19614,0,0
19615,1,1
19615,1,1
19615,1,1
19616,0,0
19617,1,6
19618,1,6
19619,1,6
19620,0,0
19621,0,0
19622,0,0
19623,0,0
19624,0,0
19625,7,7
19626,7,7
19627,0,0
19628,1,6
19629,1,6
19630,1,6
19631,1,6
19632,1,6
19633,1,6
19634,0,0
19635,0,0
19636,1,1
19637,0,0
19638,1,6
19639,1,6
19640,1,6
19641,1,6
19642,1,6
19643,1,6
19644,1,6
19645,1,1
19645,1,1
19645,1,1
19646,1,1
19647,1,1
19647,1,1
19647,1,1
19648,1,6
19649,1,6
19650,1,6
19650,1,6
19651,1,6
19652,1,6
19653,1,1
19653,1,1
19654,1,6
19655,1,6
19656,1,6
19657,1,6
19658,1,4
19658,1,4
19658,1,4
19659,1,6
19660,1,1
19660,1,1
19660,1,1
19661,1,1
19662,0,0
19663,7,7
19664,7,7
19665,1,6
19666,1,6
19667,1,6
19668,1,1
19669,0,0
19670,2,2
19670,2,2
19671,0,0
19672,1,6
19673,1,6
19674,1,6
19675,1,6
19676,1,6
19677,1,1
19677,1,1
19677,1,1
19678,2,2
19678,2,2
19679,1,6
19680,1,6
19681,1,6
19682,0,0
19683,1,1
19683,1,1
19683,1,1
19684,1,1
19684,1,1
19684,1,1
19685,1,1
19685,1,1
19685,1,1
19686,1,6
19687,1,6
19687,2,2
19687,2,2
19688,1,1
19689,0,0
19690,2,2
19690,2,2
19690,3,3
19690,3,3
19691,7,7
19692,1,6
19693,1,6
19694,1,6
19695,1,6
19696,1,1
19696,1,6
19696,1,6
19697,0,0
19698,0,0
19699,1,1
19700,1,6
19701,1,6
19702,0,0
19703,1,6
19704,3,3
19704,3,3
19704,3,3
19704,3,3
19705,1,1
19705,1,1
19705,1,1
19705,7,7
19706,1,6
19707,3,3
19707,3,3
19707,3,3
19708,1,6
19709,1,6
19710,1,6
19711,1,6
19712,1,6
19713,1,6
19714,1,6
19715,1,6
19716,1,6
19717,1,6
19718,1,6
19719,1,6
19720,1,6
19721,1,6
19722,1,6
19723,1,6
19724,1,6
19725,1,6
19726,1,6
19727,1,1
19728,0,0
19729,1,6
19730,1,1
19731,1,6
19732,1,6
19733,1,6
19734,1,6
19735,1,6
19736,1,6
19737,1,6
19738,1,6
19739,1,6
19740,1,6
19741,1,6
19742,1,6
19742,1,1
19742,1,1
19743,1,1
19743,1,1
19744,1,1
19745,0,0
19746,0,0
19747,0,0
19748,1,6
19749,1,1
19749,1,1
19749,1,1
19750,1,6
19751,0,0
19752,1,6
19753,1,6
19754,1,6
19755,1,6
19756,1,6
19757,1,6
19758,1,6
19759,1,6
19760,1,6
19760,1,6
19760,1,1
19761,0,0
19762,1,6
19763,1,6
19764,1,6
19765,1,6
19766,1,6
19767,1,6
19768,1,6
19769,1,6
19770,0,0
19771,0,0
19772,1,6
19773,7,7
19774,1,6
19775,1,6
19776,1,1
19777,1,1
19777,1,6
19777,1,6
19778,0,0
19779,0,0
19780,1,6
19781,1,6
19782,1,6
19783,1,6
19784,1,6
19786,1,6
19787,1,1
19787,1,1
19787,1,1
19787,1,1
19788,1,6
19788,1,1
19788,1,1
19788,1,1
19789,0,0
19790,3,3
19790,3,3
19790,3,3
19790,3,3
19791,0,0
19792,7,7
19793,0,0
19794,1,6
19795,0,0
19796,1,1
19796,1,6
19796,1,6
19797,1,1
19797,1,1
19798,1,1
19798,1,1
19798,1,1
19799,0,0
19800,1,6
19801,1,6
19802,1,6
19803,0,0
19804,0,0
19805,3,3
19805,3,3
19805,3,3
19805,3,3
19806,0,0
19807,1,6
19808,0,0
19809,0,0
19810,1,1
19810,1,6
19810,1,6
19811,0,0
19812,1,1
19812,1,1
19812,1,1
19813,1,6
19814,1,4
19815,1,6
19816,1,6
19817,1,6
19818,1,6
19819,1,6
19820,1,6
19821,0,0
19822,3,3
19822,3,3
19822,3,3
19823,7,7
19824,0,0
19825,1,6
19826,7,7
19827,1,6
19828,1,1
19828,1,1
19828,1,1
19828,1,1
19828,1,1
19828,1,1
19829,0,0
19830,0,0
19831,1,6
19832,1,6
19833,1,6
19834,1,6
19835,1,6
19836,1,6
19837,1,6
19838,1,6
19839,0,0
19840,0,0
19841,1,1
19841,1,1
19842,0,0
19843,1,6
19844,1,6
19845,1,5
19846,1,6
19847,1,6
19848,1,6
19849,1,6
19850,1,6
19851,0,0
19852,0,0
19853,1,6
19854,1,6
19855,0,0
19856,0,0
19857,0,0
19858,0,0
19859,0,0
19860,0,0
19861,0,0
19862,0,0
19863,0,0
19864,3,3
19865,0,0
19866,0,0
19867,0,0
19868,1,6
19869,0,0
19870,1,6
19871,1,6
19872,1,6
19873,0,0
19874,2,2
19874,2,2
19874,2,2
19874,2,2
19875,0,0
19876,1,6
19877,7,7
19878,1,6
19879,1,6
19880,1,6
19881,1,6
19882,1,6
19883,0,0
19884,1,1
19884,1,1
19885,1,1
19885,1,1
19886,0,0
19887,0,0
19888,0,0
19889,0,0
19890,0,0
19891,0,0
19892,0,0
19893,0,0
19894,0,0
19895,0,0
19896,0,0
19897,0,0
19898,2,2
19898,2,2
19899,0,0
19900,0,0
19901,1,1
19901,1,1
19901,1,1
19902,1,1
19902,7,7
19903,1,6
19904,1,6
19905,1,6
19906,1,6
19907,1,6
19908,1,6
19909,0,0
19910,0,0
19911,0,0
19912,0,0
19912,0,0
19913,0,0
19914,0,0
19915,1,6
19916,0,0
19917,3,3
19917,3,3
19917,3,3
19917,3,3
19917,3,3
19917,7,7
19918,1,6
19919,1,6
19920,1,6
19921,1,6
19922,1,6
19923,1,6
19924,1,6
19925,1,6
19926,1,6
19927,0,0
19928,0,0
19929,1,6
19930,3,3
19930,3,3
19931,0,0
19932,0,0
19932,0,0
19933,0,0
19933,0,0
19934,0,0
19935,1,6
19936,1,6
19937,1,6
19938,1,6
19939,1,6
19940,0,0
19941,0,0
19942,0,0
19943,1,6
19944,1,6
19945,1,6
19946,1,6
19947,1,6
19948,1,6
19949,0,0
19950,1,1
19950,1,1
19950,1,1
19950,1,1
19950,1,1
19950,1,1
19950,1,1
19950,1,1
19951,1,1
19952,1,1
19952,1,1
19952,1,1
19952,2,2
19952,2,2
19952,1,1
19952,1,1
19952,1,1
19952,1,1
19953,0,0
19953,0,0
19954,0,0
19955,0,0
19956,0,0
19957,1,1
19958,0,0
19959,1,6
19960,1,6
19961,0,0
19961,0,0
19962,7,7
19963,0,0
19964,1,6
19965,1,6
19966,1,6
19967,1,6
19968,1,6
19969,1,1
19969,1,1
19969,1,1
19970,1,6
19971,1,6
19972,1,1
19972,1,1
19972,1,1
19973,0,0
19974,0,0
19975,0,0
19976,0,0
19977,3,3
19977,3,3
19977,3,3
19977,3,3
19978,1,6
19979,1,6
19980,1,6
19981,1,1
19981,1,1
19981,1,1
19982,2,2
19982,2,2
19982,2,2
19982,2,2
19983,1,1
19983,1,1
19983,1,1
19983,1,1
19983,1,1
19984,0,0
19985,0,0
19986,0,0
19987,1,6
19988,1,6
19989,1,6
19990,1,6
19991,3,3
19991,3,3
19991,3,3
19992,0,0
19993,1,1
19993,1,1
19993,1,1
19994,2,2
19995,0,0
19996,0,0
19997,1,4
19998,1,4
19998,1,6
19999,1,1
19999,1,6
19999,1,6
20000,0,0
20001,0,0
20002,2,2
20002,2,2
20003,0,0
20004,0,0
20005,0,0
20006,1,1
20006,1,1
20006,1,1
20007,2,2
20007,2,2
20007,2,2
20007,3,3
20007,3,3
20008,1,6
20009,1,6
20010,0,0
20011,1,6
20012,1,6
20013,1,6
20014,1,1
20014,1,1
20014,1,1
20015,0,0
20016,0,0
20017,2,2
20018,0,0
20019,2,2
20019,2,2
20019,2,2
20019,2,2
20019,2,2
20020,1,1
20020,1,1
20020,1,1
20021,1,6
20022,0,0
20023,0,0
20024,0,0
20025,0,0
20026,0,0
20027,0,0
20028,0,0
20028,0,0
20029,0,0
20029,0,0
20030,0,0
20031,3,3
20031,3,3
20032,0,0
20033,1,1
20034,0,0
20035,1,6
20036,1,6
20037,1,6
20038,1,6
20039,1,6
20040,1,6
20041,1,6
20042,2,2
20042,2,2
20042,2,2
20043,0,0
20044,0,0
20045,0,0
20046,1,6
20046,2,2
20046,2,2
20047,1,6
20048,1,6
20049,3,3
20049,3,3
20050,1,1
20050,1,1
20050,1,1
20050,1,1
20051,1,1
20051,1,1
20052,0,0
20053,0,0
20054,1,1
20054,1,1
20054,1,1
20055,0,0
20056,0,0
20057,2,2
20057,2,2
20057,2,2
20057,2,2
20058,0,0
20059,0,0
20060,1,1
20061,1,6
20062,1,6
20063,1,6
20064,0,0
20065,0,0
20066,0,0
20067,1,6
20068,1,6
20069,1,6
20070,1,6
20070,1,1
20071,0,0
20072,0,0
20073,0,0
20074,1,1
20074,1,1
20074,1,1
20075,0,0
20075,0,0
20075,0,0
20076,1,6
20077,0,0
20078,2,2
20079,0,0
20080,0,0
20081,1,6
20082,1,6
20083,1,6
20084,1,1
20084,1,6
20085,0,0
20085,0,0
20086,1,1
20087,1,6
20088,2,2
20088,2,2
20088,2,2
20089,0,0
20089,0,0
20090,0,0
20091,0,0
20092,1,6
20093,1,1
20093,1,4
20094,1,1
20095,2,2
20095,2,2
20095,2,2
20095,2,2
20095,2,2
20096,0,0
20097,1,1
20097,1,1
20098,1,6
20099,1,1
20099,1,1
20099,1,1
20100,2,2
20100,2,2
20100,2,2
20100,2,2
20100,3,3
20100,3,3
20100,3,3
20100,3,3
20101,0,0
20102,1,1
20102,1,1
20102,1,1
20102,1,1
20102,1,1
20102,1,1
20103,0,0
20104,0,0
20104,0,0
20105,0,0
20105,0,0
20106,1,4
20106,1,4
20106,1,4
20107,7,7
20107,3,3
20107,3,3
20107,3,3
20107,3,3
20107,3,3
20107,3,3
20107,3,3
20107,3,3
20108,1,1
20108,1,1
20108,1,1
20108,7,7
20109,0,0
20109,0,0
20110,0,0
20110,0,0
20111,0,0
20112,1,6
20113,1,6
20114,0,0
20114,0,0
20115,1,6
20116,0,0
20116,0,0
20117,0,0
20118,1,6
20118,1,1
20119,0,0
20119,0,0
20119,0,0
20120,0,0
20120,0,0
20121,0,0
20122,1,6
20123,0,0
20123,0,0
20124,0,0
20125,1,1
20125,1,1
20125,1,1
20126,0,0
20127,0,0
20127,0,0
20128,0,0
20129,1,1
20129,1,1
20129,1,1
20130,1,6
20131,1,6
20132,1,6
20132,1,1
20133,0,0
20134,0,0
20134,0,0
20135,1,6
20136,0,0
20137,1,1
20138,0,0
20138,0,0
20139,1,1
20140,0,0
20141,1,6
20142,2,2
20142,1,6
20143,2,2
20143,1,1
20144,0,0
20145,0,0
20145,0,0
20146,1,4
20146,1,4
20146,1,4
20146,1,1
20146,1,1
20147,1,4
20147,1,4
20147,1,4
20147,1,1
20147,1,1
20148,0,0
20148,0,0
20149,1,4
20149,1,4
20149,1,4
20149,2,2
20149,2,2
20149,1,1
20149,1,1
20149,1,1
20149,1,1
20149,1,1
20150,0,0
20151,1,1
20151,1,1
20151,1,1
20151,2,2
20151,2,2
20151,1,1
20151,1,1
20152,0,0
20153,0,0
20154,0,0
20155,0,0
20155,0,0
20156,0,0
20157,0,0
20158,1,6
20159,1,6
20160,3,3
20160,3,3
20161,0,0
20162,0,0
20163,0,0
20164,1,1
20165,0,0
20166,1,4
20166,1,4
20166,1,4
20166,1,1
20166,1,1
20166,1,1
20166,1,4
20166,1,4
20166,1,4
20166,1,1
20166,1,1
20167,0,0
20168,1,4
20168,1,1
20169,1,4
20169,2,2
20169,2,2
20169,1,1
20169,1,1
20169,1,1
20169,1,1
20170,1,6
20170,2,2
20170,1,1
20171,1,1
20171,1,1
20171,1,1
20172,0,0
20173,2,2
20173,2,2
20173,1,4
20173,1,4
20173,1,1
20173,1,1
20174,1,6
20175,0,0
20176,2,2
20177,1,4
20177,1,4
20177,1,4
20177,1,1
20177,1,1
20178,1,1
20178,1,1
20179,0,0
20179,0,0
20181,1,6
20182,0,0
20183,0,0
20183,0,0
20183,0,0
20184,0,0
20185,0,0
20186,0,0
20187,1,1
20188,0,0
20189,0,0
20190,2,2
20190,2,2
20190,1,1
20190,1,1
20190,1,1
20191,2,2
20191,2,2
20191,1,4
20191,1,1
20191,1,1
20192,2,2
20192,1,1
20193,2,2
20193,2,2
20193,1,1
20193,1,1
20194,2,2
20194,2,2
20194,1,1
20194,1,1
20194,1,1
20195,1,4
20195,1,4
20195,1,4
20195,1,1
20195,1,1
20195,1,4
20195,1,4
20195,1,1
20195,1,1
20196,0,0
20197,1,1
20198,1,6
20199,1,6
20200,0,0
20201,1,4
20201,1,4
20201,1,4
20202,1,6
20202,1,6
20203,1,1
20203,1,1
20203,1,4
20203,1,4
20203,1,4
20203,1,1
20203,1,1
20203,1,1
20203,1,4
20203,1,4
20203,1,4
20204,1,1
20204,1,1
20204,2,2
20204,2,2
20204,1,1
20204,1,1
20205,0,0
20205,0,0
20206,0,0
20206,0,0
20206,0,0
20207,1,4
20207,1,4
20207,1,4
20207,1,1
20207,1,1
20207,1,4
20207,1,4
20207,1,1
20207,1,1
20208,0,0
20209,0,0
20210,0,0
20211,3,3
20211,3,3
20211,3,3
20211,3,3
20211,3,3
20212,1,6
20213,0,0
20214,0,0
20215,1,1
20216,0,0
20216,0,0
20216,0,0
20216,0,0
20217,1,6
20217,1,6
20218,1,4
20218,1,4
20218,1,4
20218,2,2
20218,2,2
20218,1,1
20218,1,1
20218,1,1
20219,1,5
20219,1,5
20220,1,1
20221,0,0
20221,0,0
20222,0,0
20223,1,5
20223,1,5
20224,1,5
20224,1,5
20225,1,5
20225,1,5
20225,1,5
20226,1,5
20226,1,5
20227,0,0
20228,1,1
20228,1,1
20228,1,1
20229,0,0
20230,0,0
20231,0,0
20231,0,0
20232,0,0
20233,0,0
20234,0,0
20235,1,1
20235,1,1
20235,1,1
20235,1,1
20235,7,7
20236,0,0
20237,2,2
20237,2,2
20237,1,5
20237,1,6
20238,0,0
20239,0,0
20240,1,6
20240,1,6
20241,1,6
20241,1,6
20242,0,0
20243,2,2
20244,1,6
20244,1,6
20245,1,6
20245,1,6
20246,1,6
20246,1,6
20247,1,6
20247,1,6
20248,1,1
20248,1,6
20249,1,6
20249,1,6
20250,0,0
20251,2,2
20251,1,6
20252,1,6
20252,1,6
20253,1,6
20253,1,6
20254,1,6
20254,1,1
20254,2,2
20254,1,6
20255,0,0
20256,1,6
20257,1,6
20257,1,6
20257,1,6
20258,1,5
20258,1,5
20258,1,5
20259,0,0
20260,1,1
20260,1,1
20260,1,1
20261,1,9
20261,1,9
20262,2,2
20263,1,1
20263,1,1
20263,1,1
20263,1,6
20263,1,5
20264,1,6
20265,1,1
20265,1,5
20266,0,0
20267,1,6
20267,1,6
20268,0,0
20269,1,6
20269,1,6
20270,0,0
20270,0,0
20271,1,1
20271,1,1
20272,1,6
20272,1,6
20273,1,6
20273,1,6
20274,1,6
20274,1,6
20275,3,3
20276,1,6
20276,1,6
20277,0,0
20278,0,0
20278,0,0
20279,1,5
20279,1,5
20280,1,6
20280,1,6
20281,1,6
20281,1,6
20281,1,6
20282,1,6
20282,1,6
20283,7,7
20283,1,1
20283,1,1
20283,1,1
20284,1,4
20284,1,4
20284,1,4
20284,1,1
20284,1,1
20284,1,1
20284,1,1
20285,1,9
20286,1,6
20286,1,6
20287,1,6
20287,1,1
20287,1,5
20287,1,1
20287,1,6
20288,1,1
20288,1,1
20288,1,1
20289,1,6
20289,1,6
20289,1,6
20290,1,6
20290,1,6
20291,1,6
20291,1,6
20291,1,1
20291,1,6
20292,0,0
20293,0,0
20294,0,0
20295,2,2
20295,2,2
20296,0,0
20297,1,5
20297,2,2
20298,0,0
20299,1,4
20299,1,4
20299,1,1
20300,1,6
20300,1,6
20300,1,6
20301,0,0
20302,2,2
20302,2,2
20302,1,1
20302,1,1
20302,1,1
20302,1,1
20302,1,1
20303,0,0
20304,2,2
20304,3,3
20304,3,3
20304,1,6
20304,1,6
20305,1,4
20305,1,4
20305,1,4
20305,1,1
20305,1,1
20305,1,1
20306,1,1
20306,1,1
20306,1,1
20306,7,7
20307,1,1
20307,1,1
20307,1,1
20308,1,1
20308,1,1
20308,1,1
20308,1,1
20308,1,4
20308,2,2
20308,2,2
20309,0,0
20310,1,4
20310,1,4
20310,1,4
20310,1,1
20310,1,1
20310,1,4
20310,1,4
20310,1,4
20310,1,1
20310,1,1
20311,0,0
20312,2,2
20312,2,2
20312,3,3
20312,3,3
20312,3,3
20312,3,3
20312,2,2
20312,2,2
20312,2,2
20312,2,2
20313,0,0
20313,0,0
20313,0,0
20314,2,2
20314,1,1
20314,2,2
20315,1,5
20315,1,5
20315,1,4
20316,1,1
20317,0,0
20318,1,5
20318,1,5
20318,1,5
20319,1,5
20319,1,5
20319,1,5
20320,1,5
20320,7,7
20320,1,5
20320,1,5
20321,0,0
20322,1,5
20322,1,5
20322,1,4
20322,1,5
20323,1,5
20323,1,5
20324,1,5
20324,1,5
20325,1,5
20325,1,5
20325,1,5
20326,1,5
20326,1,5
20326,1,5
20327,1,5
20327,1,5
20327,1,5
20328,1,5
20328,1,5
20328,1,5
20329,1,1
20329,1,1
20329,1,1
20330,1,5
20330,1,5
20330,1,5
20331,1,5
20331,1,5
20331,1,5
20332,1,5
20332,1,5
20332,1,5
20333,1,5
20333,1,5
20333,1,5
20334,0,0
20334,0,0
20334,0,0
20334,0,0
20335,1,1
20335,1,1
20335,1,4
20335,1,4
20335,1,6
20335,1,6
20335,1,6
20335,1,6
20335,1,6
20336,1,5
20336,1,5
20336,1,5
20337,1,5
20337,1,5
20337,1,5
20337,1,5
20338,1,5
20338,1,5
20338,1,5
20339,1,5
20339,1,5
20340,1,5
20340,1,5
20340,1,5
20340,1,5
20340,1,5
20341,1,5
20341,1,5
20341,1,5
20342,1,5
20342,1,5
20342,1,5
20343,1,1
20343,1,1
20343,1,1
20344,1,4
20344,1,4
20344,2,2
20344,2,2
20344,1,1
20344,1,1
20344,1,1
20344,2,2
20344,2,2
20344,1,1
20344,1,1
20344,2,2
20344,2,2
20345,0,0
20346,1,5
20346,1,5
20346,1,5
20347,1,4
20347,1,1
20347,1,1
20348,0,0
20349,1,5
20349,1,5
20349,1,5
20350,0,0
20351,1,1
20351,1,1
20352,1,5
20353,1,5
20353,1,5
20353,1,5
20353,1,5
20354,1,5
20354,1,1
20354,1,1
20354,1,5
20355,3,3
20355,3,3
20355,3,3
20355,3,3
20355,3,3
20355,3,3
20355,3,3
20355,3,3
20356,1,5
20356,1,6
20356,1,5
20356,1,5
20357,3,3
20357,3,3
20357,3,3
20357,2,2
20357,2,2
20357,2,2
20357,2,2
20357,2,2
20357,2,2
20357,2,2
20357,2,2
20357,2,2
20357,7,7
20358,1,6
20358,1,6
20358,1,6
20358,1,6
20359,0,0
20360,0,0
20361,1,6
20362,0,0
20363,1,6
20363,1,6
20363,2,2
20363,2,2
20363,2,2
20363,2,2
20363,1,6
20364,0,0
20365,1,4
20365,1,4
20365,1,4
20366,3,3
20366,3,3
20366,2,2
20366,2,2
20366,3,3
20366,3,3
20366,2,2
20366,2,2
20366,2,2
20366,2,2
20366,1,6
20367,1,6
20367,1,6
20368,3,3
20368,3,3
20368,1,4
20368,1,1
20368,2,2
20368,2,2
20368,1,1
20370,1,4
20370,1,4
20370,2,2
20370,2,2
20370,1,1
20370,1,1
20370,3,3
20370,3,3
20370,2,2
20370,2,2
20371,1,4
20371,1,4
20371,1,4
20371,1,1
20371,1,1
20371,1,1
20372,1,1
20372,1,1
20372,1,1
20372,1,4
20372,1,4
20372,1,4
20373,0,0
20374,1,6
20374,1,5
20374,1,1
20374,3,3
20374,3,3
20374,2,2
20374,2,2
20374,3,3
20374,3,3
20374,2,2
20374,2,2
20375,0,0
20375,0,0
20376,1,6
20377,2,2
20377,2,2
20377,2,2
20377,2,2
20377,1,1
20377,1,1
20377,1,1
20378,1,5
20378,1,5
20378,2,2
20378,2,2
20378,3,3
20378,2,2
20378,2,2
20378,1,6
20379,1,4
20379,1,4
20379,1,1
20379,1,1
20380,0,0
20380,0,0
20381,0,0
20382,1,4
20383,1,5
20383,1,5
20383,1,5
20383,1,5
20384,3,3
20384,3,3
20384,3,3
20384,3,3
20385,0,0
20386,1,1
20386,1,1
20386,1,1
20387,1,4
20387,1,4
20387,1,4
20387,1,1
20387,1,1
20387,1,1
20387,1,1
20388,1,6
20388,1,6
20389,1,6
20390,0,0
20391,0,0
20392,0,0
20393,2,2
20394,0,0
20394,0,0
20395,0,0
20396,0,0
20397,1,1
20397,2,2
20397,2,2
20397,2,2
20397,2,2
20397,1,6
20397,1,6
20398,2,2
20398,3,3
20398,3,3
20398,2,2
20398,3,3
20398,3,3
20398,1,6
20399,1,4
20399,1,4
20399,1,4
20399,1,4
20400,1,4
20400,1,4
20400,1,4
20400,1,1
20400,1,1
20400,1,1
20400,1,1
20401,1,6
20401,1,6
20401,1,6
20401,1,6
20402,1,1
20402,1,1
20402,2,2
20402,2,2
20402,1,4
20402,1,4
20402,1,4
20402,1,1
20402,1,1
20403,2,2
20404,1,6
20404,1,6
20404,2,2
20404,1,6
20404,2,2
20405,1,1
20405,1,1
20405,1,4
20405,1,1
20405,1,4
20406,1,4
20406,1,4
20406,1,4
20406,1,4
20406,1,4
20406,1,4
20407,1,6
20407,1,6
20407,1,6
20408,1,1
20408,1,4
20408,1,1
20408,1,1
20408,1,5
20409,3,3
20409,3,3
20409,2,2
20409,2,2
20410,0,0
20411,1,6
20411,1,6
20412,1,1
20413,1,5
20413,1,5
20413,1,5
20413,1,5
20414,1,6
20414,2,2
20414,2,2
20414,2,2
20414,2,2
20415,2,2
20415,2,2
20415,2,2
20415,2,2
20415,1,1
20415,1,1
20416,2,2
20416,2,2
20416,1,1
20416,3,3
20416,3,3
20417,1,6
20417,2,2
20417,2,2
20417,3,3
20417,2,2
20418,1,6
20418,1,6
20418,2,2
20418,2,2
20418,1,6
20419,0,0
20420,1,1
20420,1,1
20420,1,1
20420,1,1
20420,1,1
20420,1,1
20421,1,1
20421,1,1
20421,1,1
20421,1,4
20421,1,4
20421,1,4
20421,1,1
20421,1,1
20421,1,4
20421,1,4
20421,1,4
20422,2,2
20422,2,2
20422,2,2
20422,2,2
20422,1,1
20422,1,1
20422,1,1
20422,1,1
20422,1,1
20422,1,1
20423,2,2
20423,2,2
20423,1,1
20423,1,1
20423,1,1
20423,1,1
20424,1,6
20424,1,6
20424,1,6
20424,1,6
20424,1,6
20425,1,1
20425,1,1
20425,1,1
20426,1,6
20426,1,6
20427,1,6
20427,1,6
20427,1,6
20427,1,6
20428,0,0
20428,0,0
20429,0,0
20430,0,0
20431,0,0
20432,0,0
20433,0,0
20434,0,0
20435,2,2
20436,3,3
20436,3,3
20436,2,2
20436,2,2
20436,2,2
20436,1,1
20437,2,2
20437,2,2
20437,1,1
20437,3,3
20437,3,3
20438,0,0
20439,1,5
20440,0,0
20441,2,2
20442,0,0
20443,1,5
20443,1,5
20443,1,5
20443,1,5
20443,1,5
20444,0,0
20445,1,6
20445,1,6
20445,1,6
20446,0,0
20446,0,0
20446,0,0
20447,1,4
20447,1,4
20447,2,2
20447,2,2
20447,1,1
20447,1,1
20447,1,1
20447,1,1
20447,2,2
20447,2,2
20447,1,1
20447,1,1
20447,2,2
20447,2,2
20448,1,1
20448,2,2
20448,1,6
20448,1,6
20449,0,0
20450,1,4
20450,1,4
20450,1,4
20450,1,1
20450,1,1
20450,1,1
20451,0,0
20452,2,2
20452,2,2
20452,2,2
20452,2,2
20452,1,1
20452,1,1
20453,3,3
20453,7,7
20453,3,3
20453,3,3
20453,3,3
20453,2,2
20453,2,2
20453,2,2
20453,7,7
20454,1,4
20454,1,1
20455,1,5
20455,1,5
20455,1,5
20455,1,5
20455,1,5
20456,0,0
20500,2,2
20500,1,1
20501,0,0
20502,1,1
20502,1,4
20502,1,4
20502,1,1
20502,1,1
20502,1,4
21007,0,0
21008,0,0
21022,1,5
21022,1,5
21029,1,9
21035,0,0
21036,0,0
21040,0,0
21059,0,0
21061,0,0
21061,0,0
21069,1,1
21069,1,1
21070,0,0
21074,0,0
21080,1,6
21084,0,0
21089,1,5
21094,0,0
21099,0,0
21107,0,0
21111,1,5
21116,0,0
21117,0,0
21118,0,0
21121,0,0
21126,0,0
21131,0,0
21132,0,0
21134,0,0
21136,0,0
21142,0,0
21147,0,0
21148,0,0
21158,0,0
21160,0,0
21161,1,4
21161,1,1
21161,1,1
21167,2,2
21167,2,2
21167,1,1
21167,1,1
21171,1,1
21171,2,2
21171,2,2
21171,3,3
21171,3,3
21177,1,1
21181,0,0
21186,0,0
21192,0,0
21196,0,0
21201,0,0
21202,0,0
21205,1,6
21212,0,0
21217,1,1
21217,1,1
21217,1,1
21221,0,0
21226,0,0
21231,0,0
21236,1,1
21236,1,1
21236,1,5
21236,2,2
21236,2,2
21236,1,1
21242,1,5
21242,1,5
21247,0,0
21248,0,0
21253,1,6
21258,0,0
21261,0,0
21262,0,0
21266,0,0
21271,0,0
21281,0,0
21287,0,0
21294,0,0
21302,0,0
21306,0,0
21308,0,0
21309,0,0
21312,1,6
21317,0,0
21323,0,0
21326,0,0
21331,0,0
21342,0,0
21346,0,0
21351,0,0
21352,1,1
21356,0,0
21361,0,0
21366,0,0
21373,0,0
21376,0,0
21382,0,0
21386,1,5
21386,1,5
21395,0,0
21402,1,4
21402,1,4
21402,1,4
21406,0,0
21407,0,0
21411,0,0
21411,0,0
21416,0,0
21421,0,0
21423,0,0
21427,0,0
21433,0,0
21434,0,0
21434,0,0
21437,0,0
21438,0,0
21438,0,0
21439,0,0
21440,0,0
21447,0,0
21452,0,0
21463,0,0
21467,0,0
21477,1,6
21477,1,6
21487,0,0
21492,1,1
21492,1,1
21492,1,4
21492,1,4
21492,1,4
21503,1,6
21507,0,0
21512,0,0
21518,1,4
21522,1,6
21528,0,0
21532,0,0
21548,0,0
21549,0,0
21552,0,0
21557,0,0
21562,0,0
21567,0,0
21568,0,0
21569,0,0
21569,0,0
21570,1,6
21573,0,0
21574,0,0
21577,1,4
21577,1,4
21577,1,4
21578,0,0
21579,0,0
21580,0,0
21582,1,9
21587,0,0
21589,1,6
21590,0,0
21592,0,0
21594,1,5
21594,1,5
21596,1,6
21597,0,0
21598,0,0
21599,1,6
21601,0,0
21605,0,0
21607,0,0
21608,0,0
21610,0,0
21611,0,0
21613,1,6
21613,1,9
21614,1,6
21615,1,6
21618,1,6
21618,1,9
21623,0,0
21624,0,0
21626,0,0
21629,1,1
21629,1,1
21630,0,0
21631,1,4
21631,1,4
21631,1,4
21634,1,1
21635,1,6
21635,1,6
21635,1,6
21636,1,6
21638,0,0
21645,1,1
21645,1,1
21645,1,1
21645,1,1
21646,0,0
21648,0,0
21649,0,0
21650,1,1
21650,1,1
21651,0,0
21652,1,1
21652,1,1
21653,1,6
21655,1,9
21656,0,0
21657,0,0
21659,0,0
21660,0,0
21667,0,0
21669,1,6
21670,0,0
21672,0,0
21673,1,9
21674,0,0
21677,0,0
21692,0,0
21693,0,0
21694,0,0
21697,0,0
21702,0,0
21707,0,0
21712,1,4
21712,1,4
21712,1,4
21718,1,6
21728,0,0
21733,0,0
21735,0,0
21738,0,0
21743,1,6
21745,1,6
21749,0,0
21754,1,4
21754,1,4
21754,1,4
21760,0,0
21764,1,6
21770,0,0
21774,0,0
21780,0,0
21781,0,0
21785,0,0
21809,1,6
21814,0,0
21820,1,5
21821,0,0
21823,0,0
21835,1,6
21854,1,4
21854,1,4
21854,1,4
21860,0,0
