AIRLINE_ID,DEPARTURES_SCHEDULED,DEPARTURES_PERFORMED,DISTANCE,DISTANCE_GROUP,RAMP_TO_RAMP,AIR_TIME,SEATS
20409,0,1,854,2,124,107,150
21171,0,1,967,2,144,125,119
21171,0,1,967,2,162,121,119
21080,0,1,604,2,120,108,8
20354,0,1,488,1,91,72,50
20354,0,2,576,2,200,165,100
20354,0,1,488,1,91,82,50
20354,0,1,889,2,131,116,50
20354,0,1,889,2,143,124,50
20354,0,1,1464,3,206,196,50
20201,0,1,1199,3,178,168,0
20201,0,1,1278,3,181,167,0
20368,0,1,761,2,132,120,215
20368,0,1,604,2,96,72,215
21352,0,1,725,2,122,113,8
21352,0,2,735,2,234,210,16
21352,0,2,735,2,233,209,16
21352,0,1,292,1,54,47,8
19805,0,1,602,2,164,88,187
19805,0,1,1558,4,260,216,187
19790,0,1,1184,3,169,152,199
19790,0,1,1199,3,212,172,132
19790,0,1,1199,3,174,156,192
19790,0,1,1184,3,166,148,199
19790,0,1,592,2,91,75,160
19790,0,1,230,1,83,54,110
19790,0,1,1199,3,153,132,132
19790,0,1,1199,3,173,152,192
19790,0,1,1199,3,167,143,72
19790,0,1,1069,3,142,128,72
19790,0,1,1123,3,158,137,149
19790,0,1,483,1,152,126,158
19790,0,1,628,2,118,92,158
19790,0,1,853,2,142,115,158
19790,0,1,391,1,92,70,72
19790,0,1,1123,3,178,151,149
19790,0,1,680,2,142,101,199
19790,0,1,495,1,115,76,158
19790,0,2,967,2,280,229,144
19790,0,1,391,1,84,53,72
20402,0,1,1671,4,275,255,173
20402,0,1,1136,3,160,140,173
20402,0,1,954,2,150,120,173
19977,0,1,150,1,48,36,128
19977,0,1,1201,3,168,151,166
19977,0,1,967,2,218,190,166
19977,0,1,862,2,144,116,128
19977,0,1,1709,4,298,270,179
19977,0,1,1482,3,249,217,166
19977,0,1,541,2,86,79,179
19977,0,1,967,2,206,119,219
19393,0,2,73,1,83,41,286
19393,0,2,90,1,96,45,286
19393,0,1,90,1,40,23,175
19393,0,1,602,2,162,137,143
19393,0,1,1359,3,230,213,143
19393,0,1,929,2,167,148,175
19393,0,1,1250,3,212,198,175
19393,0,1,1095,3,170,156,143
19393,0,1,1278,3,225,210,143
19393,0,1,456,1,129,115,143
19393,0,1,771,2,128,112,175
19393,0,1,943,2,162,141,143
19393,0,1,73,1,34,19,175
21652,0,1,764,2,144,132,8
21652,0,1,903,2,150,132,8
21652,0,1,937,2,144,126,12
21652,0,1,764,2,120,102,8
21652,0,1,1166,3,174,162,12
21652,0,1,919,2,144,132,8
20377,0,1,628,2,120,90,218
21161,0,2,595,2,195,161,358
21161,0,1,1049,3,162,151,179
21161,0,1,957,2,155,132,179
21161,0,1,1120,3,157,142,179
21161,0,3,391,1,266,186,537
21161,0,1,312,1,58,41,179
21161,0,1,312,1,67,49,179
21161,0,1,1413,3,210,196,179
21161,0,1,541,2,92,82,179
20372,0,1,957,2,145,125,0
20372,0,1,870,2,140,120,0
21635,0,1,896,2,129,110,16
21635,0,1,804,2,124,106,16
20422,0,2,632,2,473,369,324
20422,0,1,637,2,124,102,162
20422,0,1,632,2,213,175,162
20422,0,1,637,2,208,175,162
20422,0,1,436,1,209,179,162
20422,0,1,598,2,191,169,162
20422,0,1,436,1,207,183,162
20422,0,1,598,2,211,182,162
20447,0,1,1070,3,170,160,0
20447,0,1,967,2,175,155,0
20190,0,22,1069,3,3922,3343,0
20190,0,22,1069,3,3620,2944,0
19930,0,1,73,1,48,19,178
19930,0,1,1068,3,180,148,178
20237,0,1,150,1,55,29,50
20237,0,1,495,1,136,114,50
20225,0,1,22,1,32,13,30
20225,0,44,150,1,2622,1956,1320
20225,0,19,292,1,1692,1405,570
20225,0,45,150,1,2489,1733,1350
20225,0,23,292,1,1912,1491,690
20225,0,3,0,1,224,176,90
20225,0,56,305,1,4620,3767,1680
20225,0,48,228,1,3481,2635,1440
20225,0,19,280,1,1605,1299,570
20225,0,56,305,1,5338,4462,1680
20225,0,48,228,1,3700,2947,1440
20225,0,1,274,1,100,87,30
20225,0,21,280,1,1830,1524,630
20358,0,1,420,1,117,103,19
20358,0,1,231,1,79,60,19
21599,0,1,0,1,100,84,8
20354,1,1,150,1,60,45,50
20354,1,1,519,2,86,67,50
20354,1,1,576,2,106,81,50
20354,1,3,576,2,298,260,150
20368,1,1,420,1,78,60,156
20368,1,1,420,1,84,60,156
19805,1,1,73,1,42,20,160
19805,1,1,592,2,97,78,160
19805,1,1,403,1,117,85,140
19805,1,1,1754,4,255,207,181
19805,1,1,862,2,144,115,181
19805,1,1,771,2,150,106,160
19805,1,1,1546,4,255,196,181
19805,1,1,911,2,157,138,160
19805,1,1,1436,3,219,201,160
19805,1,1,967,2,159,140,187
19805,1,1,411,1,87,71,160
19790,1,1,862,2,166,136,110
19790,1,1,680,2,126,86,110
19790,1,2,680,2,219,176,320
19790,1,1,391,1,78,60,160
19790,1,1,1123,3,176,154,160
19790,1,1,680,2,131,103,110
19790,1,1,680,2,112,95,160
20500,1,1,541,2,110,74,70
20500,1,1,1015,3,153,132,70
20304,1,1,391,1,91,61,50
20304,1,1,746,2,143,97,50
20304,1,1,734,2,137,100,50
20304,1,1,580,2,104,85,50
20304,1,1,230,1,56,41,50
20304,1,1,1487,3,218,191,76
20304,1,1,349,1,78,52,70
20304,1,1,1199,3,210,183,70
20304,1,1,775,2,151,129,76
20304,1,1,692,2,109,89,76
20304,1,1,391,1,89,64,50
20304,1,1,230,1,64,37,50
20304,1,1,641,2,122,91,70
20304,1,1,1015,3,169,137,76
20304,1,1,862,2,133,118,76
20304,1,1,406,1,134,64,70
20304,1,1,771,2,125,98,70
20304,1,1,964,2,148,127,70
20304,1,1,472,1,81,61,70
20304,1,1,888,2,139,114,76
20304,1,1,898,2,158,133,50
20304,1,1,853,2,135,112,76
20304,1,1,1024,3,162,130,50
20304,1,1,967,2,180,147,50
20304,1,1,967,2,233,134,70
20304,1,1,846,2,145,110,70
20304,1,1,557,2,106,86,76
20304,1,1,592,2,131,86,76
20304,1,1,655,2,109,84,70
20304,1,1,862,2,160,122,50
20304,1,1,406,1,89,57,70
20304,1,1,113,1,74,51,76
20304,1,1,862,2,139,113,70
20304,1,1,771,2,129,110,76
20304,1,1,964,2,141,122,70
20304,1,1,734,2,123,93,50
20304,1,1,888,2,200,134,76
20304,1,1,991,2,148,131,76
20304,1,1,730,2,129,111,50
20304,1,1,853,2,153,122,70
20304,1,1,794,2,136,107,76
20304,1,1,496,1,178,105,50
20304,1,1,909,2,141,118,70
20304,1,1,846,2,129,114,70
19977,1,1,349,1,66,48,150
19977,1,1,1671,4,240,218,166
19977,1,1,1754,4,258,235,128
19977,1,1,524,2,107,67,150
19977,1,1,349,1,66,52,150
19977,1,1,455,1,94,66,179
19977,1,1,1754,4,215,194,150
19977,1,1,524,2,89,74,150
19977,1,1,1069,3,172,144,150
19977,1,1,1123,3,152,128,128
19977,1,1,1703,4,215,203,128
19977,1,1,1452,3,199,179,242
19977,1,1,862,2,140,113,214
19977,1,1,628,2,108,89,128
19977,1,1,533,2,88,70,166
19977,1,1,1546,4,208,184,128
19977,1,1,888,2,123,111,128
19977,1,1,1558,4,198,175,150
19977,1,1,776,2,120,102,166
19977,1,1,1482,3,194,178,150
19977,1,1,804,2,128,113,166
19977,1,1,391,1,85,69,128
19977,1,1,770,2,136,97,166
19977,1,1,770,2,115,95,128
19977,1,1,541,2,82,63,166
19977,1,1,1452,3,216,185,242
19977,1,1,862,2,141,119,169
19977,1,1,862,2,137,110,214
19977,1,1,533,2,101,80,166
19977,1,1,1546,4,223,204,169
19977,1,1,776,2,123,105,166
19977,1,1,776,2,123,105,179
19977,1,1,1482,3,230,200,150
19977,1,1,804,2,134,99,166
19977,1,1,794,2,124,107,150
19977,1,1,916,2,141,119,150
19977,1,1,967,2,149,122,169
19977,1,2,967,2,272,215,732
19977,1,1,846,2,132,114,166
19977,1,1,770,2,134,109,166
19977,1,1,770,2,148,111,128
19977,1,1,541,2,99,86,166
19393,1,1,1449,3,292,248,143
19393,1,1,1201,3,176,164,143
19393,1,1,349,1,65,51,143
19393,1,1,649,2,110,97,143
19393,1,1,1123,3,155,137,143
19393,1,1,1015,3,145,128,143
19393,1,1,896,2,119,104,143
19393,1,1,991,2,153,138,143
19393,1,1,1558,4,201,180,143
19393,1,1,804,2,149,118,143
19393,1,1,1607,4,218,200,175
19393,1,1,541,2,89,73,143
19393,1,1,1123,3,172,153,143
19393,1,1,1015,3,153,137,143
19393,1,1,1062,3,153,137,175
19393,1,1,1290,3,205,189,143
19393,1,1,804,2,121,102,143
19393,1,1,1607,4,228,212,175
19393,1,1,909,2,133,118,143
20452,1,1,1199,3,182,159,76
20452,1,1,73,1,43,17,76
20452,1,1,1201,3,164,139,76
20452,1,1,73,1,50,21,76
20452,1,1,589,2,98,74,70
20452,1,1,420,1,98,64,70
20452,1,1,472,1,89,64,76
20452,1,1,391,1,89,66,76
20452,1,1,420,1,90,68,70
20452,1,1,1024,3,177,153,76
20452,1,1,541,2,100,80,76
20436,1,1,1069,3,162,143,150
20436,1,1,1154,3,161,142,150
20436,1,1,1123,3,153,133,150
20436,1,1,862,2,183,109,180
20436,1,1,977,2,153,135,150
20436,1,1,1546,4,213,189,180
20436,1,1,1546,4,228,183,150
20436,1,1,679,2,119,95,180
20436,1,1,888,2,134,111,180
20436,1,1,888,2,131,113,150
20436,1,1,602,2,113,83,180
20436,1,1,770,2,115,93,180
20436,1,1,1162,3,139,123,180
20436,1,1,1123,3,193,154,150
20436,1,1,1452,3,220,194,180
20436,1,1,862,2,152,125,180
20436,1,1,977,2,163,145,150
20436,1,1,1546,4,214,192,180
20436,1,1,679,2,112,84,180
20436,1,1,888,2,179,134,180
20436,1,1,602,2,112,88,180
20436,1,1,770,2,152,121,180
20436,1,1,1506,4,210,188,180
20436,1,1,1162,3,172,159,180
20107,1,1,641,2,191,159,0
20107,1,1,977,2,136,115,0
20107,1,1,533,2,216,181,0
20107,1,1,1062,3,176,151,0
20107,1,1,391,1,95,72,0
20107,1,1,639,2,108,90,0
20107,1,1,216,1,60,42,0
20107,1,1,977,2,147,129,0
20107,1,1,533,2,101,82,0
20107,1,1,1061,3,221,198,0
20107,1,1,957,2,133,115,0
20416,1,1,1123,3,153,133,145
20416,1,1,862,2,159,142,145
20378,1,1,593,2,128,99,79
20237,1,1,250,1,72,53,50
20237,1,1,250,1,62,45,50
20237,1,1,1015,3,157,141,50
20398,1,1,722,2,113,97,50
20398,1,1,722,2,164,120,50
20358,1,6,383,1,535,436,114
20358,1,6,383,1,617,526,114
20366,1,1,773,2,144,124,50
20366,1,1,73,1,50,23,50
20366,1,1,862,2,170,136,50
20366,1,1,886,2,149,127,50
19917,1,1,1026,3,164,138,0
19917,1,1,628,2,104,86,0
19917,1,1,1024,3,148,123,0
19917,1,1,391,1,87,60,0
19917,1,1,391,1,94,57,0
19805,2,2,991,2,343,309,300
19805,2,2,862,2,329,274,362
19805,2,2,1558,4,536,422,300
19790,2,2,680,2,211,179,264
19790,2,2,680,2,204,174,360
19790,2,2,391,1,144,108,320
20500,2,2,1015,3,286,241,140
20500,2,2,589,2,206,176,140
20304,2,2,73,1,84,38,140
20304,2,2,73,1,78,36,140
20304,2,2,212,1,134,83,152
20304,2,2,624,2,236,191,152
20304,2,2,991,2,328,287,152
20304,2,2,794,2,282,227,152
20304,2,1,833,2,169,129,50
20304,2,2,89,1,112,73,139
20304,2,2,212,1,130,76,152
20304,2,2,773,2,242,196,140
20304,2,2,624,2,204,161,152
20304,2,2,1100,3,440,394,140
20304,2,2,853,2,308,243,152
20304,2,2,616,2,223,178,140
19977,2,2,1199,3,416,310,300
19977,2,2,1069,3,326,294,300
19977,2,2,1476,3,471,413,332
19977,2,2,1199,3,338,296,300
19977,2,2,1754,4,491,440,256
19977,2,2,1476,3,371,334,332
19977,2,2,836,2,271,230,300
19977,2,2,420,1,139,107,332
19977,2,2,1436,3,368,328,332
19977,2,2,916,2,276,241,300
19977,2,2,1506,4,426,385,256
19977,2,2,639,2,217,182,300
19977,2,2,996,2,271,236,332
19977,2,2,1605,4,536,450,256
19977,2,2,836,2,238,205,300
19977,2,2,1015,3,322,286,300
19977,2,2,420,1,177,136,332
19977,2,2,628,2,214,175,256
19977,2,2,1506,4,422,381,256
19977,2,2,639,2,208,172,300
19393,2,2,649,2,214,166,286
19393,2,2,349,1,135,101,350
19393,2,2,1491,3,401,363,286
19393,2,2,1449,3,392,345,286
19393,2,2,1154,3,321,283,286
19393,2,2,836,2,267,237,286
19393,2,2,1024,3,305,270,286
19393,2,2,391,1,150,124,286
19393,2,2,836,2,239,207,286
19393,2,2,991,2,294,245,286
19393,2,2,853,2,278,239,286
19393,2,2,1024,3,323,260,286
19393,2,2,948,2,294,252,286
20452,2,2,1154,3,382,334,152
20452,2,2,1083,3,291,251,152
20452,2,2,1154,3,331,270,152
20452,2,2,680,2,247,188,140
20452,2,2,541,2,174,139,152
20452,2,2,495,1,196,149,140
20436,2,2,826,2,254,210,300
20436,2,2,680,2,226,177,360
20436,2,2,1436,3,345,311,360
20436,2,2,794,2,238,198,360
20436,2,2,826,2,301,258,300
20436,2,2,1436,3,482,416,360
20436,2,2,794,2,257,215,360
20107,2,2,455,1,159,118,0
20107,2,2,563,2,248,195,0
20363,2,2,1069,3,361,326,152
20363,2,2,1069,3,288,248,152
19917,2,2,391,1,166,114,0
19805,3,3,641,2,391,307,480
20500,3,3,524,2,268,206,210
20500,3,3,524,2,309,239,210
20500,3,3,680,2,342,277,210
20500,3,3,1024,3,456,362,210
20500,3,3,752,2,419,353,210
20500,3,3,1024,3,517,449,210
20304,3,3,349,1,218,167,210
20304,3,3,359,1,215,168,150
20304,3,3,524,2,325,211,210
20304,3,3,359,1,219,160,150
20304,3,3,524,2,301,239,210
20304,3,3,1069,3,508,424,228
20304,3,3,1085,3,444,381,228
20304,3,3,1015,3,406,350,210
20304,3,3,456,1,234,188,150
20304,3,3,196,1,168,102,150
20304,3,3,819,2,442,357,150
20304,3,3,602,2,350,265,210
20304,3,3,776,2,406,334,150
20304,3,3,898,2,452,368,210
20304,3,3,794,2,396,312,210
20304,3,3,541,2,294,230,210
20304,3,3,589,2,360,298,150
20304,3,3,655,2,447,388,209
20304,3,3,456,1,263,211,150
20304,3,3,196,1,195,113,150
20304,3,3,819,2,403,335,150
20304,3,3,602,2,329,243,210
20304,3,3,300,1,191,146,210
19977,3,3,850,2,387,329,486
19977,3,3,1491,3,680,635,384
19977,3,3,1337,3,627,544,486
19977,3,3,1199,3,528,440,384
19977,3,3,1605,4,653,547,384
19977,3,3,533,2,278,216,537
19977,3,3,776,2,366,305,450
19977,3,3,495,1,276,219,498
19977,3,3,888,2,454,374,384
19977,3,3,776,2,355,305,450
19977,3,3,1436,3,658,575,498
19393,3,3,349,1,236,179,429
19393,3,3,1610,4,726,679,525
19393,3,3,1199,3,597,502,429
19393,3,3,1671,4,762,716,429
19393,3,3,1449,3,576,517,525
19393,3,3,977,2,409,355,429
19393,3,3,854,2,415,364,429
19393,3,3,533,2,275,226,429
19393,3,2,1062,3,296,260,350
19393,3,3,1062,3,431,388,429
19393,3,3,472,1,258,189,429
19393,3,3,819,2,407,351,429
19393,3,3,1553,4,574,523,429
19393,3,3,794,2,382,323,525
19393,3,3,1024,3,517,461,429
19393,3,3,948,2,432,386,429
19393,3,3,909,2,457,389,429
19393,3,3,639,2,318,274,429
19393,3,3,977,2,513,463,423
19393,3,3,854,2,389,342,429
19393,3,3,1062,3,483,433,429
19393,3,3,472,1,263,212,429
19393,3,3,819,2,375,333,429
19393,3,3,1553,4,672,630,525
20452,3,3,349,1,246,169,228
20452,3,3,1083,3,524,455,228
20452,3,3,1201,3,578,523,210
20452,3,3,349,1,226,152,228
20452,3,3,1014,3,467,375,228
20452,3,3,563,2,318,250,210
20452,3,3,872,2,384,318,210
20452,3,3,495,1,285,216,228
20452,3,3,616,2,329,237,210
20452,3,3,641,2,382,291,210
20452,3,3,589,2,400,273,228
20452,3,3,872,2,420,353,228
20452,3,3,680,2,370,277,210
20452,3,3,1062,3,482,425,210
20452,3,3,472,1,293,222,210
20452,3,3,794,2,409,330,210
20452,3,3,616,2,335,272,210
20436,3,3,692,2,364,289,450
20436,3,3,692,2,343,271,450
20436,3,3,977,2,403,344,690
20436,3,3,977,2,527,420,690
20436,3,3,680,2,365,281,540
20237,3,3,455,1,256,204,150
20237,3,3,455,1,287,209,150
20237,3,3,637,2,307,244,150
20237,3,3,792,2,366,306,150
20237,3,3,639,2,350,286,150
20237,3,3,533,2,313,258,150
20237,3,3,792,2,396,342,150
20237,3,3,639,2,341,280,150
20366,3,3,911,2,464,392,150
19917,3,3,819,2,376,311,0
21167,4,4,655,2,512,363,304
21167,4,4,655,2,452,358,304
19805,4,4,641,2,427,337,560
19805,4,4,641,2,494,380,560
20500,4,4,349,1,294,229,280
20500,4,4,349,1,279,210,280
20500,4,4,641,2,489,361,280
20500,4,4,641,2,518,364,280
20304,4,4,836,2,619,516,200
20304,4,4,679,2,530,425,304
20304,4,4,680,2,465,365,304
20304,4,4,637,2,424,332,280
20304,4,4,640,2,427,350,280
20304,4,4,836,2,539,436,200
20304,4,4,640,2,420,344,280
20304,4,4,533,2,458,352,200
20304,4,4,679,2,449,361,304
20304,4,4,680,2,548,414,304
20304,4,4,472,1,409,317,200
20304,4,4,637,2,488,362,280
19977,4,4,1199,3,724,648,512
19977,4,4,524,2,365,291,704
19977,4,4,692,2,508,405,600
19977,4,4,1154,3,720,653,664
19977,4,4,1154,3,756,668,600
19977,4,4,1069,3,670,572,512
19977,4,4,649,2,443,356,600
19977,4,4,524,2,356,295,704
19977,4,4,1337,3,730,621,652
19977,4,4,1154,3,645,552,664
19977,4,4,1154,3,613,538,600
19977,4,4,996,2,606,535,652
19977,4,4,752,2,473,405,600
19977,4,4,3414,7,1766,1681,676
19977,4,5,826,2,620,528,830
19977,4,4,1062,3,597,533,512
19977,4,4,1558,4,837,738,664
19977,4,4,1558,4,772,700,512
19977,4,4,804,2,541,459,716
19977,4,4,967,2,593,484,1464
19977,4,4,1123,3,715,635,716
19977,4,4,752,2,474,401,600
19977,4,4,3414,7,1593,1526,676
19977,4,4,826,2,569,461,664
19977,4,4,804,2,488,408,716
19393,4,4,349,1,265,209,700
19393,4,4,1449,3,841,768,700
19393,4,4,775,2,479,411,566
19393,4,4,1553,4,784,718,700
19393,4,4,853,2,577,466,572
19393,4,4,794,2,473,410,572
19393,4,4,948,2,570,508,700
19393,4,4,896,2,581,510,572
19393,4,4,680,2,470,391,572
19393,4,4,1553,4,936,853,572
19393,4,4,794,2,501,436,700
19393,4,4,391,1,339,237,572
19393,4,4,639,2,426,360,572
20452,4,4,977,2,593,493,304
20452,4,4,794,2,514,422,280
20452,4,4,563,2,446,339,280
20452,4,4,391,1,347,232,304
20436,4,4,896,2,557,460,720
20436,4,4,846,2,558,466,600
20436,4,4,896,2,611,527,720
20436,4,4,846,2,557,434,600
20422,4,4,680,2,425,353,648
20237,4,4,420,1,344,236,200
20237,4,4,420,1,322,264,200
20398,4,3,1081,3,473,401,193
20398,4,4,1081,3,680,593,258
19917,4,4,850,2,581,472,0
19917,4,4,1024,3,596,499,0
19917,4,4,391,1,320,240,0
19917,4,4,391,1,283,212,0
20500,5,5,692,2,580,440,350
20500,5,5,977,2,751,609,350
20500,5,5,977,2,741,657,350
20304,5,5,455,1,486,335,250
20304,5,5,1199,3,928,791,380
20304,5,5,455,1,438,350,250
20304,5,5,1201,3,919,790,380
20304,5,5,250,1,322,225,350
20304,5,5,752,2,615,508,350
20304,5,5,420,1,428,316,380
20304,5,5,533,2,539,407,250
20304,5,5,872,2,723,572,350
20304,5,5,604,2,502,403,350
20304,5,4,472,1,339,263,200
20304,5,5,916,2,791,662,250
20304,5,5,250,1,350,235,350
20304,5,5,533,2,513,404,350
20304,5,5,872,2,741,638,380
20304,5,4,776,2,534,426,200
20304,5,4,391,1,348,235,279
19977,5,5,649,2,540,437,750
19977,5,5,1337,3,1037,907,895
19977,5,5,1491,3,980,856,640
19977,5,5,692,2,564,441,750
19977,5,5,1337,3,929,816,895
19977,5,5,1069,3,786,660,640
19977,5,5,1605,4,1012,900,1820
19977,5,5,836,2,665,587,640
19977,5,5,964,2,785,681,750
19977,5,5,819,2,626,542,750
19977,5,6,948,2,887,758,900
19977,5,5,909,2,721,623,750
19977,5,5,639,2,552,456,640
19977,5,5,1703,4,1298,1117,830
19977,5,5,836,2,611,506,640
19977,5,5,533,2,497,399,895
19977,5,5,495,1,502,355,895
19977,5,5,819,2,626,528,750
19977,5,5,991,2,707,618,830
19977,5,5,1024,3,755,634,640
19977,5,5,948,2,717,621,640
19977,5,5,639,2,551,476,640
19393,5,5,1014,3,830,736,715
19393,5,5,854,2,689,598,715
19393,5,5,680,2,530,448,715
19393,5,5,770,2,578,498,715
19393,5,5,883,2,700,622,715
19393,5,5,854,2,643,564,715
19393,5,5,495,1,422,350,875
19393,5,5,1290,3,987,899,875
19393,5,5,770,2,683,592,715
20452,5,5,770,2,655,545,350
20436,5,5,602,2,606,442,1150
20436,5,5,602,2,533,396,1150
20422,5,5,680,2,581,474,810
20237,5,5,692,2,545,449,250
20358,5,5,90,1,199,133,95
20358,5,5,90,1,202,135,95
20500,6,6,872,2,807,640,420
20500,6,6,680,2,834,598,420
20500,6,6,1081,3,994,809,420
20500,6,6,1081,3,1074,902,420
20304,6,6,1199,3,1229,1019,420
20304,6,6,1201,3,1198,1029,456
20304,6,6,834,2,941,740,456
20304,6,6,1337,3,1214,1020,456
20304,6,6,964,2,1014,828,300
20304,6,6,1040,3,1103,939,456
20304,6,6,589,2,640,515,420
20304,6,6,752,2,751,603,420
20304,6,6,420,1,501,389,456
20304,6,6,872,2,891,716,420
20304,6,6,604,2,601,492,420
20304,6,6,1040,3,911,790,456
20304,6,6,898,2,756,642,420
20304,6,6,916,2,928,774,300
20304,6,6,541,2,602,482,420
20304,6,6,639,2,671,544,420
19977,6,6,775,2,747,618,1074
19977,6,6,1123,3,959,829,1074
19977,6,6,1015,3,862,719,900
19977,6,6,977,2,818,690,984
19977,6,6,533,2,540,436,900
19977,6,6,896,2,813,647,900
19977,6,6,1062,3,896,781,900
19977,6,6,1605,4,1430,1246,2184
19977,6,6,977,2,926,822,984
19977,6,6,977,2,962,854,768
19977,6,6,964,2,824,713,900
19977,6,6,896,2,899,771,900
19977,6,6,1558,4,1495,1270,900
19393,6,6,1703,4,1336,1240,858
19393,6,7,1447,3,1378,1242,1225
19393,6,6,533,2,533,424,1050
19393,6,6,957,2,911,798,858
19393,6,6,495,1,505,407,1050
19393,6,6,1447,3,1249,1138,1050
19393,6,6,967,2,887,717,1050
19393,6,6,391,1,466,348,1050
20452,6,6,1199,3,1112,981,420
20452,6,5,1199,3,872,738,350
20452,6,6,641,2,808,588,420
20452,6,6,472,1,514,373,420
20452,6,6,1024,3,916,771,420
20107,6,6,207,1,290,215,0
20107,6,6,872,2,812,659,0
20107,6,6,872,2,855,652,0
20107,6,6,207,1,317,227,0
20107,6,6,872,2,875,716,0
20237,6,6,483,1,538,404,300
20368,7,7,420,1,582,444,1162
20368,7,7,420,1,552,408,1162
20500,7,7,1162,3,1128,960,490
20500,7,7,1162,3,1227,1116,490
20304,7,7,775,2,927,779,490
20304,7,7,845,2,1035,831,532
20304,7,7,1337,3,1612,1380,532
20304,7,7,212,1,383,257,490
20304,7,7,1482,3,1508,1283,532
20304,7,7,1482,3,1775,1601,532
19977,7,7,455,1,564,427,1162
19977,7,7,649,2,783,646,896
19977,7,7,850,2,915,776,896
19977,7,7,455,1,599,461,1162
19977,7,7,649,2,733,620,896
19977,7,7,850,2,967,832,896
19977,7,7,589,2,666,535,1253
19977,7,7,996,2,1063,950,1253
19977,7,7,996,2,1062,929,896
19977,7,7,896,2,903,759,1253
19977,7,7,495,1,623,495,896
19977,7,7,1290,3,1197,1070,896
19977,7,7,391,1,581,444,1253
19977,7,7,589,2,682,568,1253
19977,7,7,996,2,971,836,1253
19977,7,7,533,2,729,577,1050
19977,7,7,896,2,1085,912,1253
19977,7,7,1558,4,1632,1460,1162
19977,7,7,1290,3,1340,1210,896
19977,7,7,541,2,653,535,1050
19393,7,7,775,2,896,769,995
19393,7,7,1201,3,1276,1165,1225
19393,7,7,1605,4,1470,1315,1225
19393,7,7,1179,3,1123,1010,1001
19393,7,7,1436,3,1267,1159,1225
19393,7,7,1179,3,1213,1094,1001
19393,7,7,541,2,696,581,1001
20237,7,7,692,2,944,759,350
20237,7,7,141,1,387,216,350
20237,7,7,483,1,633,491,350
19917,7,7,1024,3,1013,825,0
19917,7,7,1024,3,1132,978,0
19805,8,8,602,2,856,665,1200
19805,8,8,602,2,826,665,1200
20500,8,8,1201,3,1398,1167,560
20304,8,8,1069,3,1431,1243,560
20304,8,7,639,2,769,625,490
20304,8,8,495,1,757,579,560
19977,8,8,775,2,999,854,1024
19977,8,8,775,2,957,822,1024
19977,8,8,1671,4,1777,1538,1200
19977,8,8,1123,3,1366,1149,1200
19977,8,8,1703,4,1881,1695,1328
19977,8,8,1620,4,1696,1542,1024
19977,8,8,826,2,922,791,1200
19977,8,8,680,2,882,731,1420
19977,8,8,1024,3,1313,1118,1432
19977,8,8,541,2,740,593,1200
19977,8,8,996,2,1155,1000,1024
19977,8,8,1062,3,1283,1143,1200
19977,8,8,391,1,668,474,1432
19393,8,8,836,2,1097,955,1400
19393,8,8,883,2,1123,968,1138
19393,8,8,862,2,1178,924,1144
19393,8,8,495,1,703,559,1144
19393,8,8,602,2,899,704,1144
19393,8,8,967,2,1252,1063,1144
19393,8,8,628,2,843,689,1144
19393,8,8,533,2,849,670,1144
19393,8,8,1436,3,1721,1567,1400
20452,8,8,1014,3,1361,1096,560
20436,8,8,964,2,1351,1146,1200
20436,8,8,964,2,1137,933,1200
20107,8,8,957,2,1240,1011,0
20237,8,8,152,1,508,315,400
20237,8,8,152,1,476,290,400
20237,8,8,141,1,456,248,400
20368,9,9,543,2,918,702,1404
20368,9,9,543,2,924,696,1404
20368,9,9,604,2,1038,786,1494
20368,9,9,655,2,1092,852,1404
20368,9,9,604,2,942,738,1494
20368,9,9,655,2,1032,804,1404
21477,9,9,665,2,1086,942,450
21477,9,9,665,2,930,768,450
20304,9,9,692,2,1073,842,450
20304,9,9,752,2,1213,981,684
20304,9,9,495,1,854,659,450
20304,9,9,495,1,833,624,630
20304,9,9,752,2,1155,944,684
20304,9,9,212,1,551,363,630
20304,9,9,964,2,1408,1178,684
19977,9,9,1491,3,2143,1909,1350
19977,9,9,977,2,1247,1067,1350
19977,9,9,991,2,1327,1173,1494
19977,9,9,1123,3,1583,1339,1350
19977,9,9,996,2,1227,1068,1350
19977,9,9,977,2,1371,1228,1350
19977,9,9,826,2,1267,1076,1350
19393,9,9,1199,3,1546,1340,1287
19393,9,9,1671,4,1846,1684,1575
19393,9,9,977,2,1363,1227,1575
19393,9,9,680,2,1036,876,1575
19393,9,9,794,2,1224,1041,1287
20436,9,9,1476,3,1846,1593,1350
19917,9,9,1024,3,1422,1259,0
20304,10,10,1154,3,2014,1699,760
20304,10,10,850,2,1535,1252,500
20304,10,10,1154,3,1742,1482,760
20304,10,10,639,2,1249,991,760
20304,10,10,770,2,1404,1176,500
19977,10,10,1671,4,2439,2224,1500
19977,10,10,1491,3,2046,1727,1500
19977,10,10,589,2,948,723,1500
19977,10,10,483,1,892,688,1648
19977,10,10,776,2,1243,1050,1280
19977,10,10,589,2,1057,856,1500
19977,10,10,1452,3,2229,1971,1500
19977,10,10,1062,3,1608,1403,1790
19977,10,10,819,2,1233,1031,1790
19977,10,10,776,2,1203,1008,1280
19393,10,10,1201,3,1576,1408,1430
19393,10,10,628,2,1066,888,1430
19393,10,10,680,2,1049,885,1750
19393,10,11,1024,3,1534,1336,1573
19393,10,10,495,1,912,737,1430
19393,10,10,1024,3,1610,1450,1430
19393,10,10,967,2,1475,1225,1430
20452,10,10,809,2,1452,1161,700
20436,10,10,1476,3,2283,1999,1500
20436,10,10,589,2,999,769,1500
20436,10,10,589,2,1057,835,1500
20107,10,10,872,2,2182,1882,0
20107,10,10,872,2,1438,1179,0
20237,10,10,541,2,1003,758,500
20237,10,10,541,2,1056,852,500
20358,10,1,218,1,73,60,19
20358,10,1,218,1,66,52,19
21599,10,10,328,1,946,831,80
21599,10,9,328,1,820,718,72
19790,11,11,1620,4,2481,2190,1452
20304,11,11,495,1,1065,854,550
19977,11,11,1491,3,2505,2261,1826
19977,11,11,996,2,1764,1491,1650
19977,11,11,1452,3,2082,1848,1650
19977,11,10,1062,3,1497,1304,1660
19977,11,11,472,1,955,680,1957
19977,11,11,819,2,1415,1186,1969
19977,11,11,909,2,1605,1388,1814
19977,11,11,483,1,1039,768,1814
19393,11,11,1452,3,2060,1860,1925
19393,11,11,862,2,1537,1274,1573
19393,11,11,533,2,1096,892,1925
19393,11,11,602,2,1066,900,1573
20436,11,11,834,2,1572,1308,1650
20436,11,11,834,2,1429,1156,1650
20237,11,11,1015,3,1742,1447,550
20409,12,13,1626,4,2982,2629,1950
20409,12,13,1626,4,3498,3020,1950
20500,12,12,794,2,1496,1229,840
20500,12,12,794,2,1709,1440,840
20304,12,12,996,2,2006,1761,600
19977,12,13,680,2,1429,1185,1950
19977,12,12,1436,3,2385,2072,1536
19977,12,12,1024,3,2000,1718,1980
19977,12,12,641,2,1420,1127,1800
19977,12,12,896,2,1829,1542,1980
19977,12,12,680,2,1413,1120,2112
19977,12,12,909,2,1574,1327,1800
19393,12,12,1014,3,1789,1552,1716
20107,12,12,632,2,1101,933,0
20237,12,12,637,2,1451,1128,600
20368,13,13,1069,3,2238,1986,2028
20368,13,13,1069,3,1992,1686,2028
19790,13,13,1620,4,3306,2811,1716
20304,13,13,391,1,1153,823,909
20304,13,13,752,2,1758,1468,650
19977,13,13,455,1,1090,862,1950
19977,13,14,589,2,1386,1110,2324
19977,13,13,896,2,1705,1415,2146
19977,13,13,472,1,1092,792,2158
19977,13,13,819,2,1655,1405,2158
19977,13,13,1506,4,2637,2328,1950
19977,13,13,1546,4,2883,2598,2327
19977,13,13,1436,3,2935,2655,1664
19977,13,13,853,2,1741,1442,1950
20436,13,13,524,2,1276,902,1950
20436,13,13,692,2,1661,1337,2340
20436,13,13,524,2,1256,1016,1950
20436,13,13,692,2,1402,1102,2340
20436,13,13,1370,3,2557,2231,1950
20436,13,13,1024,3,2213,1919,1950
20436,13,13,1370,3,2797,2502,1950
20436,13,13,1024,3,2058,1642,1950
20107,13,13,957,2,1833,1503,0
20304,14,14,692,2,1726,1383,700
19977,14,14,455,1,1190,897,2100
19977,14,14,775,2,1698,1393,2288
19977,14,14,853,2,1800,1578,2324
19977,14,14,589,2,1563,1210,2324
19977,14,13,862,2,1870,1499,1664
19977,14,14,472,1,1327,983,2312
19977,14,14,819,2,1779,1505,2324
19977,14,14,948,2,2003,1725,2324
19393,14,14,651,2,1585,1353,2002
19393,14,14,1703,4,3355,3044,2450
20436,14,14,1014,3,2221,1912,3220
20436,14,14,1014,3,2095,1764,3220
20304,15,15,1068,3,2765,2376,1140
20304,15,15,996,2,2378,1949,750
20304,15,15,1068,3,2578,2121,1140
19977,15,15,349,1,1074,786,2490
19977,15,15,1290,3,2661,2340,2490
19977,15,15,472,1,1374,1074,2673
19977,15,15,1290,3,3004,2647,2490
20452,15,14,589,2,1636,1239,980
20436,15,15,826,2,1838,1504,2700
20436,15,15,826,2,2240,1769,2700
20107,15,15,872,2,2070,1605,0
20237,15,15,624,2,1635,1349,750
20237,15,15,616,2,1521,1187,750
20237,15,15,616,2,1679,1389,750
19687,15,15,1068,3,2946,2327,1140
19687,15,15,1068,3,2358,1865,1140
19790,16,16,1123,3,2875,2547,2880
20304,16,16,752,2,2013,1594,800
19977,16,16,349,1,1167,831,2656
19977,16,16,628,2,1647,1320,2400
19977,16,16,1620,4,4016,3537,2048
19977,16,16,1024,3,2417,2000,2656
19977,16,16,909,2,2122,1791,2644
20452,16,16,872,2,2420,2037,1120
20436,16,16,1014,3,2693,2322,2880
20436,16,16,1014,3,2405,2021,2880
20436,16,16,679,2,1954,1564,2400
20436,16,16,1162,3,2738,2222,2400
20436,16,16,679,2,1900,1405,2400
20436,16,16,1162,3,3071,2622,2400
20107,16,16,632,2,1628,1405,0
20107,16,16,1061,3,2418,2100,0
20107,16,16,872,2,2221,1889,0
20107,16,16,872,2,2295,1899,0
20107,16,16,1061,3,2583,2318,0
20237,16,16,624,2,1653,1397,800
20237,16,16,771,2,2198,1875,800
21599,16,16,328,1,1409,1220,128
21599,16,16,328,1,1345,1145,128
19790,17,18,680,2,2016,1643,3582
19790,17,17,1123,3,3209,2726,3383
20500,17,17,541,2,1722,1361,1190
20304,17,17,349,1,1398,1001,1292
20304,17,17,533,2,1833,1290,1190
20304,17,17,776,2,2416,1928,1292
20304,17,17,563,2,1728,1412,1190
20304,17,17,776,2,2161,1782,1292
19977,17,17,1154,3,3079,2732,2176
19977,17,17,349,1,1203,851,3043
19977,17,19,1201,3,3311,2842,3401
19977,17,17,977,2,2409,2019,3043
19977,17,17,628,2,1874,1496,2550
19977,17,17,964,2,2315,2013,2176
19977,17,16,1062,3,2527,2212,2656
19977,17,17,1290,3,3356,3023,3031
19977,17,17,948,2,2472,2104,3019
19393,17,17,651,2,1975,1626,2431
20436,17,17,991,2,2657,2337,2550
20436,17,17,1024,3,3045,2580,3060
20436,17,17,991,2,2556,2114,2550
20436,17,17,1024,3,2668,2142,3060
20237,17,17,752,2,1972,1649,850
20304,18,18,563,2,1822,1442,1260
20304,18,18,996,2,3120,2687,1368
20304,18,18,616,2,1985,1417,1260
20304,18,18,996,2,2908,2250,1368
20304,18,18,420,1,1572,1199,1260
19977,18,18,349,1,1334,994,3222
19977,18,18,1491,3,3554,3171,2988
19977,18,18,1154,3,2874,2509,2304
19977,18,18,862,2,2499,2059,2304
19977,18,18,1290,3,3226,2794,3222
19977,18,18,948,2,2641,2312,2988
19977,18,18,948,2,2688,2323,2304
19977,18,18,391,1,1519,1133,2700
19977,18,18,770,2,2003,1671,2700
19977,18,18,391,1,1395,1034,2700
19977,18,18,1506,4,4006,3573,3222
19393,18,18,628,2,1912,1561,3150
20452,18,17,541,2,1701,1282,1190
20237,18,18,73,1,845,381,900
20237,18,18,73,1,732,315,900
20237,18,18,589,2,1958,1656,900
19917,18,18,455,1,1556,1172,0
19917,18,18,455,1,1514,1151,0
19917,18,18,819,2,2387,1952,0
19917,18,18,819,2,2152,1816,0
19917,18,18,828,2,2207,2005,0
20304,19,19,420,1,1474,1081,1330
20304,19,19,1024,3,2895,2334,1330
20304,19,19,300,1,1387,990,1444
19977,19,19,1671,4,4774,4372,2432
19977,19,19,524,2,1884,1335,2432
19977,19,19,524,2,1805,1460,2432
19977,19,19,964,2,2954,2536,2432
19977,19,19,1062,3,2811,2437,3401
19977,19,19,602,2,1966,1580,3130
19977,19,19,804,2,2578,2200,2432
19977,19,19,794,2,2286,1965,3401
19977,19,19,967,2,2984,2357,4788
19977,19,19,483,1,1701,1376,2432
19977,19,19,836,2,2321,1955,3142
19977,19,19,804,2,2375,1978,2432
19977,19,19,967,2,2857,2117,4788
19977,19,19,1506,4,4254,3700,2850
20452,19,19,349,1,1506,1073,1330
20452,19,19,349,1,1451,996,1330
20452,19,19,1201,3,3233,2748,1330
20452,19,19,391,1,1693,1251,1330
20452,19,19,533,2,2038,1604,1330
20436,19,19,911,2,2766,2215,2850
20107,19,19,626,2,2010,1614,0
20107,19,19,626,2,1954,1532,0
20107,19,19,872,2,2805,2369,0
20500,20,20,1199,3,4005,3292,1400
20500,20,20,752,2,2315,1845,1400
20500,20,19,1062,3,2870,2469,1330
20304,20,20,292,1,1421,1000,1380
20304,20,20,1085,3,3681,3245,1520
20304,20,20,533,2,2030,1487,1520
20304,20,20,616,2,2218,1691,1000
20304,20,20,641,2,2552,1975,1400
20304,20,20,844,2,2935,2249,1520
20304,20,20,602,2,2190,1671,1520
20304,20,19,794,2,2619,2186,1330
19977,20,20,775,2,2523,2145,3000
19977,20,20,1337,3,4026,3612,3000
19977,20,20,1337,3,3650,3187,3000
19977,20,20,483,1,1666,1280,3000
19977,20,20,483,1,1706,1318,2560
19977,20,20,836,2,2692,2322,3308
19977,20,20,533,2,1870,1405,2560
19977,20,20,495,1,1777,1365,3000
19977,20,20,1290,3,3481,3041,3000
19977,20,20,853,2,2699,2346,3000
19977,20,20,794,2,2400,2015,3000
19977,20,20,483,1,1933,1466,3000
19393,20,20,1201,3,3262,2849,3500
20436,20,20,589,2,1851,1443,3600
20436,20,20,589,2,2196,1749,3600
20436,20,20,911,2,3268,2636,3000
19790,21,21,680,2,2472,2069,3779
20500,21,20,420,1,1546,1138,1400
20304,21,21,649,2,2460,1834,1050
20304,21,21,349,1,1596,1102,1596
20304,21,21,770,2,2662,2145,1050
20304,21,21,292,1,1324,938,1449
19977,21,20,1199,3,3778,3266,3320
19977,21,21,1703,4,4590,4250,3150
19977,21,21,680,2,2322,1866,3474
19977,21,21,819,2,2682,2331,2688
19977,21,21,991,2,3179,2771,3150
19977,21,21,1024,3,3424,3000,2688
19977,21,21,948,2,3198,2731,3735
19977,21,21,1506,4,4348,3860,3759
19977,21,20,1015,3,3352,2877,2560
19977,21,21,533,2,2117,1720,2688
19977,21,21,819,2,2645,2249,2688
19977,21,20,1558,4,4983,4388,2560
19977,21,21,1290,3,4244,3817,3150
19977,21,21,770,2,2884,2409,3150
19977,21,21,1506,4,4615,4185,3486
19393,21,21,1671,4,4452,4045,3003
19393,21,21,804,2,2693,2402,3675
19393,21,21,1024,3,2969,2629,3675
19393,21,21,391,1,1652,1286,3675
20452,21,21,533,2,2035,1509,1469
20263,22,22,160,1,1532,1329,0
20263,22,22,40,1,471,344,0
20500,22,21,1069,3,3331,2688,1470
20500,22,22,141,1,1249,690,1540
20500,22,22,637,2,2598,2123,1540
20304,22,22,848,2,3192,2635,1540
20304,22,22,775,2,3308,2713,1672
20304,22,22,638,2,2589,2110,1100
20304,22,22,771,2,2846,2376,1540
20304,22,22,423,1,1882,1482,1672
19977,22,22,1671,4,4775,4283,2816
19977,22,22,472,1,1738,1344,3300
19977,22,22,1482,3,4319,3800,2816
19977,22,22,916,2,3260,2774,2816
19977,22,22,967,2,3425,2775,7913
19977,22,22,1703,4,5580,4906,3300
19977,22,21,680,2,2679,2083,3150
19977,22,22,1062,3,3810,3363,2816
19977,22,22,472,1,2148,1605,3300
19977,22,22,991,2,3173,2747,3300
19977,22,22,1482,3,5111,4631,2816
19977,22,22,794,2,2840,2358,3938
19977,22,22,916,2,2991,2517,2816
19393,22,22,1201,3,4005,3632,3146
19393,22,22,1154,3,3486,3055,3850
19393,22,22,1620,4,4790,4291,3850
20452,22,22,1154,3,3749,3117,1540
20436,22,22,516,2,2178,1641,3960
20436,22,22,516,2,2039,1551,3960
20107,22,22,160,1,1532,1329,0
20107,22,22,854,2,2790,2357,0
20107,22,22,40,1,471,345,0
20107,22,22,172,1,1516,1388,0
20107,22,22,854,2,2906,2451,0
19917,22,22,804,2,2939,2474,0
20500,23,23,141,1,1194,634,1610
20500,23,25,472,1,2159,1583,1750
20500,23,23,300,1,1601,1065,1610
20304,23,23,349,1,2084,1348,1150
20304,23,23,1199,3,4532,3933,1748
20304,23,23,850,2,3294,2614,1748
20304,23,23,1069,3,4319,3722,1748
20304,23,23,349,1,1801,1269,1150
20304,23,23,641,2,2726,2115,1748
20304,23,23,844,2,3533,2888,1748
20304,23,23,602,2,2748,2110,1748
20304,23,23,483,1,2242,1746,1748
20304,23,23,533,2,2622,2011,1748
20304,23,23,964,2,3596,2881,1150
20304,23,23,931,2,3623,2957,1150
20304,23,23,848,2,3002,2410,1610
19977,23,23,649,2,2362,1927,4117
19977,23,23,649,2,2586,2099,4117
19977,23,23,406,1,1900,1474,2944
19977,23,23,495,1,2106,1667,3450
19977,23,23,495,1,2267,1768,2944
19977,23,23,1558,4,5553,4854,4117
19977,23,23,602,2,2297,1855,3794
19977,23,23,967,2,3378,2606,8277
19393,23,23,1449,3,5079,4581,3289
19393,23,23,649,2,2477,2102,4025
19393,23,22,1449,3,4135,3727,3146
19393,23,23,1123,3,4071,3622,4025
19393,23,23,1024,3,3697,3315,4025
19393,23,23,639,2,2294,1953,4025
20452,23,23,1154,3,4331,3727,1609
20452,23,23,563,2,2505,1967,1609
20237,23,23,1162,3,3820,3296,1150
20237,23,22,1162,3,4108,3721,1100
20366,23,23,927,2,3682,3167,1150
20366,23,23,927,2,3358,2861,1150
19790,24,24,1069,3,3959,3556,2640
19790,24,24,1069,3,3665,3161,2640
20500,24,25,637,2,2605,1988,1750
20500,24,23,420,1,1896,1491,1610
20304,24,24,850,2,3528,2812,1200
20304,24,24,931,2,3945,3314,1200
20304,24,24,913,2,3793,3158,1680
20304,24,24,541,2,2797,2170,1200
19977,24,24,649,2,2464,1993,3972
19977,24,25,775,2,3137,2540,4463
19977,24,24,775,2,2883,2440,3600
19977,24,24,641,2,2556,2054,3936
19977,24,23,1703,4,5314,4840,4117
19977,24,24,420,1,1835,1351,3600
19977,24,24,3329,7,10354,9830,4056
19977,24,24,3302,7,10426,9826,4056
19977,24,24,1506,4,4942,4384,3972
19977,24,24,1703,4,6149,5423,4296
19977,24,24,420,1,1979,1536,3600
19977,24,24,406,1,2021,1444,3072
19977,24,24,3329,7,9492,9038,4056
19977,24,24,3302,7,9395,8906,4056
19977,24,24,541,2,2309,1896,3072
19393,24,24,649,2,2416,2030,4200
19393,24,24,1447,3,4580,4142,3432
19393,24,24,1447,3,5175,4728,3432
19393,24,24,819,2,2947,2521,4200
19393,24,24,948,2,3388,2931,4200
20452,24,24,775,2,3153,2621,1680
20452,24,24,563,2,2363,1847,1679
20452,24,24,1024,3,4219,3618,1679
20452,24,23,541,2,2362,1908,1610
20436,24,24,483,1,2096,1555,4320
20436,24,24,483,1,2556,1837,4320
20107,24,24,172,1,1796,1630,0
20366,24,24,809,2,3134,2557,1200
21599,24,24,277,1,1986,1672,192
20500,25,25,1069,3,4439,3827,1750
20304,25,25,964,2,4249,3519,1900
20304,25,25,776,2,3135,2527,1750
19977,25,25,1754,4,6766,6127,4138
19977,25,25,1337,3,5458,4872,3200
19977,25,25,1199,3,4310,3666,4126
19977,25,25,649,2,2817,2274,4138
19977,25,25,1337,3,4688,4034,3200
19977,25,25,967,2,3973,3299,3200
19977,25,25,641,2,3264,2442,4102
19977,25,25,680,2,3109,2458,4138
19977,25,25,909,2,3344,2845,3200
19393,25,25,651,2,2923,2385,4375
19393,25,25,909,2,3262,2825,4375
20452,25,25,495,1,2361,1739,1750
20436,25,25,391,1,2104,1558,3750
20436,25,25,770,2,3005,2390,3750
20436,25,25,604,2,2737,2050,3750
20436,25,25,391,1,2151,1393,3750
20436,25,25,770,2,3528,2879,3750
20263,26,26,160,1,1612,1453,0
20500,26,26,872,2,3899,3301,1820
20500,26,26,495,1,2398,1888,1820
20304,26,26,913,2,3759,3211,1820
20304,26,26,1014,3,4531,3928,1976
20304,26,26,1083,3,4181,3467,1820
20304,26,26,483,1,2454,1791,1976
20304,26,26,776,2,3391,2687,1820
20304,26,26,792,2,3422,2784,1300
20304,26,26,589,2,2957,2403,1976
20304,26,26,576,2,2930,2272,1300
20304,26,26,472,1,2646,1984,1976
20304,26,26,792,2,3823,3293,1300
19977,26,26,541,2,2323,1790,3328
19977,26,26,602,2,2656,2108,4654
19977,26,26,948,2,3742,3218,3900
19393,26,26,775,2,3451,2976,4550
19393,26,24,1558,4,5018,4494,3432
19393,26,27,1290,3,4699,4132,3861
19393,26,26,1703,4,6369,5728,3718
19393,26,26,836,2,3176,2730,4550
20436,26,26,604,2,2971,2372,3900
20436,26,26,977,2,3674,3054,4680
20436,26,26,628,2,2890,2297,3900
20436,26,26,977,2,4297,3573,4680
20436,26,26,628,2,2894,2159,3900
20107,26,26,160,1,1609,1453,0
20422,26,26,680,2,2839,2350,3303
20422,26,26,680,2,3177,2555,3303
20237,26,26,533,2,2518,1888,1300
20237,26,26,196,1,1556,957,1300
20237,26,26,196,1,1574,943,1300
21599,26,26,170,1,1458,1207,208
21599,26,26,170,1,1412,1194,208
21599,26,26,277,1,2085,1772,208
20500,27,29,533,2,2763,2034,2030
20500,27,27,679,2,3388,2626,1890
20500,27,26,472,1,2465,1891,1820
20304,27,27,1014,3,4640,3998,1890
20304,27,27,1014,3,4266,3504,2052
20304,27,27,576,2,2929,2267,1350
20304,27,27,423,1,2233,1572,2052
20304,27,27,472,1,2633,1832,2052
20304,27,27,834,2,3914,3104,1350
19977,27,27,1491,3,5432,4751,4821
19977,27,27,602,2,2905,2300,4833
19977,27,27,794,2,3174,2694,4410
19977,27,27,909,2,3951,3419,3456
19977,27,27,602,2,2715,2180,3456
19977,27,27,794,2,3566,3062,4410
19393,27,27,1610,4,6471,6022,3861
19393,27,27,1671,4,6626,6136,4725
19393,27,27,1754,4,7495,6622,4725
19393,27,27,1123,3,4352,3760,4725
19393,27,27,804,2,3219,2751,4725
20452,27,27,73,1,1191,534,1890
20452,27,27,775,2,3439,2763,1890
20107,27,27,872,2,3781,2932,0
19805,28,24,1558,4,5020,4498,3840
19805,28,28,602,2,2972,2386,3584
19805,28,26,721,2,3313,2524,4754
19805,28,28,862,2,4003,3130,4480
19805,28,28,1709,4,7068,6225,5068
19805,28,28,602,2,2823,2236,3584
19790,28,29,1123,3,4696,4025,4640
20500,28,29,495,1,2669,2025,2030
20500,28,28,679,2,3126,2576,1960
20304,28,28,1083,3,4913,4218,1960
20304,28,28,911,2,4492,3481,2128
20304,28,28,423,1,2252,1630,1400
20304,28,28,423,1,2482,1952,1400
19977,28,28,775,2,3481,2933,4576
19977,28,28,1476,3,6544,5733,5012
19977,28,27,1476,3,5217,4687,4833
19393,28,28,1290,3,4730,4234,4900
20436,28,28,1436,3,5331,4772,4200
20436,28,28,794,2,3447,2848,4200
20436,28,28,991,2,4228,3453,5040
20436,28,28,1436,3,6339,5555,4200
20436,28,28,794,2,3960,3121,4200
20416,28,28,1123,3,4530,3850,5040
20416,28,28,1703,4,6147,5620,6384
20416,28,28,1703,4,6966,6147,6384
20416,28,28,862,2,4161,3463,5040
20378,28,26,722,2,3165,2479,2015
20237,28,28,627,2,2936,2363,1400
20366,28,28,911,2,4293,3443,1400
19805,29,29,862,2,4768,3401,4640
19805,29,29,1709,4,6998,6063,5249
19805,29,27,721,2,3568,2967,4938
20304,29,27,701,2,3287,2635,1890
20304,29,29,420,1,2490,1728,1450
20304,29,29,701,2,3775,2996,2030
19977,29,29,1199,3,5065,4241,5191
19977,29,29,836,2,3786,3223,5191
19977,29,29,862,2,4168,3271,10556
19977,29,29,602,2,3147,2485,3712
19977,29,29,967,2,4864,3659,6351
19977,29,29,862,2,3836,3092,10556
19393,29,29,1015,3,4072,3524,4147
19393,29,30,977,2,4131,3608,5250
19393,29,29,1605,4,7550,6455,5075
19393,29,29,1015,3,4633,4131,4147
20452,29,29,1083,3,5151,4470,2030
20436,29,29,1199,3,5792,4673,5220
20436,29,29,1154,3,4723,4007,5220
20436,29,29,991,2,4647,3946,5220
20436,29,29,853,2,3930,3399,4350
20436,29,29,1452,3,6787,5863,4350
20436,29,29,853,2,4024,3229,4350
20416,29,29,862,2,3961,3283,5220
20416,29,29,862,2,4108,3390,5220
20416,29,29,853,2,3972,3417,5220
20416,29,29,641,2,3738,2853,5220
20416,29,29,1123,3,5088,4494,5220
20416,29,29,862,2,3919,3247,5220
20416,29,29,680,2,3573,2833,5220
20416,29,29,853,2,3927,3177,5220
20378,29,28,722,2,3662,2883,2173
20378,29,29,419,1,2557,1902,2249
20378,29,29,419,1,2455,1718,2249
19930,29,32,1024,3,5593,4826,5088
19930,29,32,1024,3,4860,3962,5088
20237,29,29,391,1,2350,1760,1450
20237,29,28,391,1,2286,1747,1400
19805,30,30,602,2,3266,2559,5610
19805,30,30,602,2,3185,2431,5610
19790,30,29,1184,3,5368,4547,4633
19790,30,28,1184,3,4653,4007,4477
19790,30,30,1123,3,5309,4654,4791
20500,30,30,120,1,1508,789,2100
20500,30,30,120,1,1635,926,2100
20304,30,30,524,2,2938,2238,1500
20304,30,30,809,2,4063,3280,2100
20304,30,30,649,2,3688,2948,1500
20304,30,30,649,2,3705,2890,2280
20304,30,30,844,2,4205,3476,2100
20304,30,30,594,2,3347,2703,1500
20304,30,30,594,2,3246,2564,1500
20304,30,30,809,2,4303,3398,2100
20304,30,30,573,2,3148,2541,1500
19977,30,30,3365,7,12598,11911,10920
19977,30,30,836,2,3800,3191,5370
19977,30,30,3365,7,11691,10842,10920
19977,30,30,862,2,4260,3393,6570
19977,30,30,420,1,2820,2096,3840
19977,30,30,977,2,4779,4153,5370
19977,30,30,1024,3,4553,3799,5358
19393,30,30,1610,4,6067,5545,4290
19393,30,30,909,2,4374,3823,5250
19393,30,30,1558,4,7565,6396,4290
19393,30,30,1506,4,6491,5951,4290
20452,30,30,1014,3,4624,3833,2099
20436,30,30,775,2,4162,3286,6900
20436,30,30,1201,3,5787,5062,6900
20436,30,30,1337,3,6232,5512,4500
20436,30,30,1154,3,5675,4752,5400
20436,30,30,1520,4,6180,5492,4500
20436,30,30,551,2,3028,2451,4500
20436,30,30,1199,3,5404,4443,5400
20436,30,30,1199,3,5250,4502,4500
20436,30,30,775,2,3878,3036,6900
20436,30,30,1201,3,5128,4413,6900
20436,30,30,1337,3,5439,4776,4500
20436,30,30,641,2,3491,2603,4500
20436,30,30,1452,3,5717,5053,4500
20436,30,30,628,2,3450,2644,6900
20436,30,30,1620,4,6810,6007,5400
20436,30,30,872,2,4050,3318,6900
20436,30,30,1709,4,6681,6033,5400
20436,30,30,1062,3,4667,4009,5400
20436,30,30,472,1,2729,1901,5400
20436,30,30,991,2,4752,4091,6900
20436,30,30,1558,4,6191,5439,5400
20436,30,30,1558,4,6208,5487,4500
20436,30,30,1290,3,5341,4699,5400
20436,30,30,853,2,4033,3459,5400
20436,30,30,1024,3,5069,4380,6900
20436,30,30,391,1,2552,1925,6900
20436,30,30,770,2,3564,2897,6900
20436,30,30,1506,4,6227,5537,4500
20436,30,30,641,2,3817,2955,4500
20436,30,30,628,2,3416,2507,6900
20436,30,30,1620,4,7391,6495,5400
20436,30,30,1520,4,6637,5973,4500
20436,30,30,872,2,4541,3779,6900
20436,30,30,1709,4,7752,6635,5400
20436,30,30,1062,3,5112,4362,5400
20436,30,30,472,1,3092,2257,5400
20436,30,30,991,2,4553,3634,6900
20436,30,30,1558,4,7638,6518,5400
20436,30,30,1558,4,7504,6384,4500
20436,30,30,551,2,3001,2338,4500
20436,30,30,1290,3,6090,5329,5400
20436,30,30,853,2,4209,3337,6900
20436,30,30,1024,3,4603,3723,6900
20436,30,30,391,1,2672,1701,6900
20436,30,30,770,2,4169,3368,6900
20436,30,30,1506,4,6733,5890,4500
20416,30,30,641,2,3221,2597,5400
20416,30,30,862,2,4365,3529,4350
20416,30,30,680,2,3487,2775,5400
20416,30,30,862,2,4203,3312,4350
19930,30,30,1024,3,5155,4398,5373
19930,30,29,1024,3,4477,3650,5195
20237,30,30,1048,3,4599,3906,1500
20237,30,29,1048,3,5021,4404,1450
19805,31,31,1558,4,7604,6581,5797
20304,31,31,455,1,2886,2101,2356
20304,31,31,455,1,2997,2194,2356
20304,31,31,524,2,3340,2622,1550
20304,31,31,916,2,4913,4164,2356
20304,31,31,420,1,2903,2205,1550
20304,31,31,911,2,5148,4188,2356
20304,31,31,916,2,4532,3814,2356
19977,31,31,420,1,2329,1792,3968
19977,31,31,1620,4,6900,6119,4650
19977,31,31,1546,4,6569,5856,5122
19977,31,31,602,2,3376,2664,4650
19977,31,31,602,2,3153,2509,4650
19977,31,31,909,2,4110,3512,5549
19393,31,31,1123,3,4862,4149,4433
20436,31,31,1199,3,6215,5120,4650
20436,31,31,853,2,4198,3613,7130
20436,31,31,391,1,2588,1925,5580
20436,31,31,853,2,4610,3454,5580
20436,31,31,391,1,2633,1842,5580
20237,31,31,1024,3,4817,3976,1550
20237,31,31,1024,3,5268,4641,1550
19917,31,31,1024,3,4421,3752,0
20409,32,32,1626,4,6998,6327,6400
20409,32,32,1626,4,8730,7221,6400
19790,32,37,391,1,3343,2551,5907
19790,32,37,391,1,3023,2141,5906
20500,32,32,775,2,4383,3619,2240
20304,32,32,1069,3,5275,4274,2240
19977,32,32,1754,4,8321,7568,4800
19977,32,32,1201,3,6065,5335,5716
19977,32,32,846,2,4399,3742,4096
19393,32,33,775,2,4041,3350,5775
19393,32,32,1754,4,7284,6571,5600
19393,32,32,651,2,3486,2917,5600
19393,32,33,819,2,4053,3534,4719
19393,32,32,1558,4,8048,6949,5600
19393,32,32,804,2,3774,3246,4576
20452,32,32,1083,3,5091,4255,2240
20436,32,32,896,2,4425,3685,4800
20436,32,32,896,2,5007,4061,4800
19917,32,32,1024,3,4935,4330,0
20304,33,33,483,1,3039,2289,1650
20304,33,33,834,2,4792,3752,2508
19977,33,33,1199,3,6306,5490,5907
19977,33,33,472,1,3104,2419,4224
19393,33,33,1199,3,5598,4851,5775
19393,33,33,896,2,4849,4203,5775
19393,33,33,639,2,3470,2857,4719
20452,33,33,977,2,5324,4588,2309
20436,33,33,533,2,3036,2324,5940
20436,33,33,533,2,3548,2783,5940
20107,33,33,872,2,4790,3891,0
20237,33,33,771,2,4078,3300,1650
20237,33,33,627,2,3811,3040,1650
19805,34,34,641,2,3852,2913,5440
20304,34,34,639,2,4141,3246,1700
19977,34,33,896,2,4440,3709,4224
19977,34,34,888,2,4709,3949,5100
19977,34,34,641,2,4298,3322,6086
19393,34,33,1703,4,7572,6824,5775
20436,34,34,1123,3,6357,5390,6120
20237,34,34,423,1,2594,1937,1700
19790,35,35,1123,3,5559,4811,6300
20304,35,35,300,1,2439,1604,1750
20304,35,35,1015,3,6186,5301,2660
19977,35,35,641,2,3730,2946,5250
19977,35,35,641,2,4028,3109,4480
19977,35,34,1620,4,8453,7373,5100
19977,35,34,896,2,4981,4290,4352
19977,35,35,853,2,4823,3969,6265
19977,35,35,846,2,4599,3872,4480
19393,35,35,1014,3,4983,4254,6125
19393,35,35,1558,4,7091,6310,6125
19393,35,35,1123,3,6138,5525,5005
19393,35,35,836,2,4302,3672,5005
19393,35,35,1452,3,7682,7042,6125
19393,35,35,991,2,4898,4266,6125
20436,35,35,1123,3,5764,4799,6300
20107,35,35,977,2,4926,4147,0
20107,35,35,977,2,5298,4601,0
20237,35,35,349,1,2701,2001,1750
20237,35,36,349,1,2755,1957,1800
20237,35,34,563,2,3577,2866,1700
19790,36,36,1199,3,6050,5287,6480
20500,36,36,1085,3,6388,5509,2520
20304,36,35,911,2,5408,4377,1750
20304,36,36,563,2,3682,2803,1800
20304,36,36,483,1,3616,2809,1800
20304,36,36,616,2,4208,3403,1800
19977,36,36,1201,3,5772,5082,5964
19977,36,36,1605,4,9160,7881,5400
19393,36,36,967,2,5435,4701,6300
20452,36,36,809,2,4877,3992,2520
20237,36,36,563,2,4225,3266,1800
19917,36,36,1024,3,5626,4967,0
19790,37,37,1199,3,6940,5956,6660
19790,37,36,1626,4,8209,7326,4752
19790,37,35,1626,4,9777,7978,4619
20500,37,37,300,1,2512,1800,2590
20304,37,37,563,2,4034,3194,1850
19977,37,37,1491,3,8392,7529,6623
19977,37,36,641,2,4055,3206,6432
19977,37,36,1015,3,5059,4362,4608
19977,37,37,1546,4,7800,6991,5550
19977,37,37,472,1,3006,2287,4736
19977,37,37,1605,4,9412,8153,6094
19977,37,38,888,2,5603,4641,5700
19393,37,37,649,2,3676,3063,5291
19393,37,37,1154,3,5656,5026,5291
19393,37,37,1546,4,7631,6880,5291
19393,37,37,1506,4,7428,6723,5291
19393,37,37,1546,4,8330,7622,6475
20237,37,37,752,2,5210,4278,1850
20304,38,38,516,2,3862,3004,1900
20304,38,38,516,2,3745,2811,1900
19977,38,38,967,2,5541,4479,4864
19393,38,37,1620,4,8039,7112,5291
19393,38,38,804,2,5041,4316,5434
19930,38,34,1024,3,6008,5144,4216
20237,39,39,423,1,3652,2725,1950
19393,39,39,991,2,6025,5396,5577
19930,39,35,1024,3,5355,4405,4340
19393,39,39,649,2,4142,3552,5577
19977,39,39,589,2,4302,3403,4992
19977,39,39,589,2,3658,2895,4992
19977,40,40,862,2,5546,4438,6000
20304,40,40,639,2,4713,3713,3040
20358,40,40,296,1,3470,2829,760
19977,40,39,853,2,5131,4503,4992
20304,40,40,649,2,4704,3576,3040
20304,40,40,300,1,2945,2083,2000
19977,40,39,853,2,5363,4332,4992
19977,41,41,692,2,5008,4110,5248
19977,41,41,692,2,4365,3565,5248
19977,41,41,406,1,3375,2592,6150
19977,41,42,862,2,6226,4846,6300
19977,41,41,641,2,4882,3797,5248
19977,41,41,752,2,4798,3951,5248
19393,41,41,628,2,4203,3363,7175
19393,41,41,770,2,5316,4588,7175
20358,41,40,296,1,3414,2686,760
19790,42,38,391,1,3091,2212,5016
20304,42,42,850,2,6505,5414,3192
20304,42,42,495,1,4054,2994,3192
20304,42,42,300,1,3055,2009,3192
20304,42,42,391,1,3834,2740,2100
20304,42,42,495,1,4417,3436,3192
19977,42,42,752,2,5368,4457,5376
19977,42,42,909,2,6045,5170,7518
19393,42,41,1491,3,9261,8474,5863
19393,42,42,1024,3,6279,5265,7350
19790,43,43,1024,3,7447,6356,4729
19790,43,39,391,1,3363,2603,5148
20304,43,43,872,2,6219,4925,3268
19977,43,43,406,1,3442,2561,6450
19977,43,43,1436,3,9454,8507,6450
19790,44,43,1024,3,6821,5475,4728
20500,44,43,1199,3,7608,6287,3010
19977,44,44,1123,3,7151,6100,7280
19977,44,44,1546,4,9142,8249,7876
19977,44,44,853,2,5891,5018,7876
19977,44,44,680,2,5276,4269,5632
19393,44,44,896,2,5769,4878,7700
19393,44,44,853,2,5738,5015,7700
20500,45,47,770,2,5606,4458,3290
20304,45,45,637,2,5438,4479,2250
19977,45,45,1436,3,8760,7661,6750
20436,45,45,888,2,6771,5191,10350
20436,45,45,888,2,7721,5849,10350
20304,46,46,589,2,4779,3533,3496
20304,46,46,948,2,7436,6365,3496
20304,46,46,948,2,6976,5930,3496
19977,46,46,1754,4,10944,9732,8234
19977,46,47,888,2,6872,5501,8389
19977,46,46,1123,3,8211,7248,7612
19977,46,46,826,2,6514,5438,5888
20237,46,46,770,2,6332,5405,2300
20358,46,46,289,1,3677,2986,874
19790,47,46,1620,4,12167,10397,7360
20304,47,46,679,2,5615,4337,2300
20304,47,47,898,2,6448,5455,3572
19977,47,47,1605,4,10449,9090,7050
19977,47,46,826,2,5499,4606,5888
19977,47,47,1558,4,9824,8590,8401
19977,47,47,1605,4,11607,10185,7943
19977,47,47,1546,4,10626,9479,7050
19393,47,47,862,2,6679,5473,8225
19393,47,47,862,2,5994,5135,8225
20452,47,47,977,2,6835,5581,3289
20358,47,45,289,1,3813,3048,855
19790,48,48,1626,4,10832,9503,7680
19790,48,47,1123,3,8314,7205,7427
19790,48,48,1626,4,13164,10873,7679
20304,48,48,541,2,4841,3611,2400
19977,48,48,1201,3,8905,7950,7944
19977,48,48,1605,4,10709,9213,8112
19393,48,48,1290,3,9288,8556,6864
19790,49,48,1123,3,7921,6802,7583
19790,49,47,1620,4,10779,9185,7499
20500,49,49,775,2,6122,4926,3430
20500,49,49,406,1,4206,3124,3430
20500,49,49,406,1,4283,2945,3430
20304,49,49,845,2,7125,5865,2450
20304,49,47,679,2,6114,4972,2350
20304,49,49,898,2,7919,6580,3724
19977,49,49,1546,4,11230,10051,8098
19977,49,49,991,2,7262,6059,8759
19393,49,48,1605,4,11826,10533,6864
20366,49,49,809,2,7055,5675,2450
20354,50,50,385,1,3624,2797,2500
20304,50,50,250,1,3300,2154,2500
20304,50,50,250,1,3402,2153,2500
20304,50,50,1013,3,8273,7058,3500
19977,50,50,2405,5,15042,14069,8288
19393,50,50,957,2,6822,5912,8750
20354,51,51,385,1,3903,3189,2550
20304,51,51,1013,3,8101,6734,3570
20304,51,50,391,1,4596,3053,2500
20304,51,51,909,2,7290,6141,3876
19393,51,51,1452,3,11613,10486,7293
20358,51,47,383,1,4423,3602,1410
20358,51,46,383,1,4991,4252,1380
20304,52,51,298,1,3389,2270,2550
20304,52,52,573,2,5510,4231,2600
20304,52,52,113,1,2321,1213,2600
20304,52,52,637,2,5633,4367,2600
20304,52,51,298,1,3696,2687,2550
19977,52,52,628,2,5687,4519,8620
19977,52,52,853,2,7254,5738,8620
19393,52,52,1014,3,8380,7428,9100
19393,52,52,541,2,5024,4177,7436
20237,52,52,488,1,4852,3710,2600
20237,52,52,488,1,4873,3868,2600
21599,52,49,180,1,2986,2516,392
21599,52,51,221,1,3581,3117,408
21599,52,52,277,1,4148,3385,416
21599,52,51,180,1,3084,2471,408
21599,52,49,221,1,3414,2778,392
21599,52,52,218,1,3462,2760,416
21599,52,52,259,1,4029,3116,416
21599,52,52,218,1,3819,3291,416
21599,52,51,259,1,3657,2947,408
20500,53,51,1085,3,7895,6560,3570
20304,53,53,113,1,2546,1430,2650
20304,53,52,771,2,7491,6183,2600
19977,53,53,2405,5,17289,16036,8774
20452,53,53,73,1,2158,916,3710
20237,53,53,359,1,4057,3045,2650
20237,53,52,359,1,3858,2716,2600
20304,54,54,834,2,8810,6868,2700
20304,54,54,909,2,8738,7312,4104
19977,54,54,991,2,8187,7195,9666
19977,54,54,862,2,7927,6507,9654
19393,54,54,1199,3,10515,9041,7722
19393,54,54,836,2,7213,6272,7722
19393,54,52,1062,3,7714,6774,7436
20436,54,54,602,2,5787,4600,8100
20436,54,54,602,2,5794,4381,8100
21599,54,53,277,1,4226,3411,424
19790,55,55,1199,3,9443,7994,10429
20500,55,55,196,1,3317,2166,3850
20500,55,55,196,1,3262,2063,3850
20304,55,55,604,2,5967,4701,2750
20304,55,54,604,2,5968,4775,2700
19977,55,54,804,2,7175,6040,8100
19977,55,55,862,2,7452,6043,8986
19977,55,54,804,2,6551,5577,8100
19393,55,54,1436,3,11797,10804,7722
19790,56,56,1199,3,10956,9266,10598
20304,56,56,845,2,8538,7022,2800
20304,56,56,313,1,4005,2687,2800
20304,56,56,771,2,7122,5774,2800
20304,56,56,260,1,3620,2319,2800
20304,56,56,313,1,4176,2938,2800
20304,56,55,911,2,9153,7256,2750
20304,56,56,260,1,3459,2378,2800
20304,56,56,411,1,5250,3772,2800
19977,56,56,524,2,4969,3842,9284
19977,56,56,524,2,5301,4221,9284
19977,56,56,862,2,7981,6596,9200
19977,56,57,628,2,6043,4752,10203
19393,56,58,819,2,7646,6538,8294
19393,56,56,1436,3,10422,9538,8008
19393,56,55,1506,4,11045,10040,9625
19393,56,55,1062,3,8756,7837,7865
20436,56,56,846,2,7650,6518,10080
20436,56,56,846,2,7291,6116,10080
20237,56,56,456,1,4908,3666,2800
20237,56,55,456,1,4928,3870,2750
20237,56,56,679,2,6721,5439,2800
21599,56,56,283,1,4650,3997,448
21599,56,56,283,1,4967,4173,448
20304,57,57,411,1,6026,4465,2850
19977,57,57,862,2,8034,6697,10191
19393,57,57,1754,4,13473,12057,8151
19393,57,56,639,2,5925,5020,8008
20436,57,57,680,2,7435,5574,8550
20416,57,57,888,2,8131,6522,10260
20237,57,57,230,1,3628,2361,2850
20237,57,57,679,2,7318,5874,2850
20409,58,57,1754,4,15159,13613,8550
20409,58,57,1754,4,13214,11857,8550
19790,58,57,391,1,4901,3714,6268
19790,58,57,391,1,4712,3375,6267
20500,58,58,533,2,6287,4895,4060
20304,58,57,73,1,2586,1004,4332
20304,58,58,391,1,5074,3693,4408
20304,58,58,737,2,7001,5698,4052
20304,58,58,391,1,5026,3388,4408
19977,58,58,991,2,8997,7920,7424
19977,58,58,628,2,6236,4893,9604
19393,58,58,770,2,6494,5427,10150
19393,58,58,541,2,5056,4043,8294
20436,58,58,680,2,6539,5231,8700
20237,58,59,230,1,3783,2394,2950
20237,58,58,770,2,7145,5745,2900
19805,59,59,1709,4,13841,12315,9440
19805,59,56,1558,4,14806,12329,8960
20304,59,58,852,2,8107,6675,2900
20304,59,59,517,2,5847,4484,2950
19977,59,59,455,1,5161,3867,7552
19977,59,59,455,1,5016,3876,7552
19977,59,60,888,2,9564,7626,10740
20436,59,59,1069,3,10453,8838,10620
20436,59,59,862,2,8328,6792,13570
20436,59,59,1546,4,12421,10955,13570
20436,59,59,862,2,8465,6953,13570
20436,59,59,862,2,8505,6554,10620
20416,59,59,628,2,6297,5165,10620
20416,59,59,888,2,9123,7349,10620
20237,59,59,576,2,6304,4929,2950
20237,59,59,576,2,6493,5029,2950
19805,60,60,602,2,6931,5169,9600
19805,60,60,1709,4,15395,13558,9600
19805,60,60,602,2,6345,4832,9600
20304,60,59,737,2,7735,6194,4121
20304,60,59,563,2,6413,4997,2950
20304,60,60,852,2,9183,7736,3000
20304,60,60,517,2,6267,4689,3000
20304,60,59,353,1,5173,3230,4130
20304,60,59,563,2,6731,5191,2950
20304,60,60,438,1,6407,4171,4200
20304,60,59,353,1,4705,3055,4130
20304,60,60,438,1,5353,3649,4200
19977,60,59,1754,4,15537,13970,10561
19977,60,61,628,2,6760,5305,10919
20436,60,60,1069,3,9390,7943,10800
20436,60,60,628,2,6778,5335,10800
20436,60,60,862,2,9072,7043,10800
20436,60,60,967,2,9752,7989,10800
20436,60,60,628,2,6533,5034,10800
20436,60,60,1546,4,14070,12267,13800
20436,60,60,967,2,9190,7191,10800
20416,60,60,628,2,6427,4960,10800
20237,60,60,303,1,4094,2838,3000
20237,60,60,303,1,4570,3216,3000
19805,61,61,1558,4,13170,11634,11407
19393,61,61,1154,3,10942,9927,8723
19393,61,61,957,2,9232,7871,8723
19393,61,61,1024,3,10544,9049,8723
20500,62,62,770,2,8358,6969,4340
19393,62,62,1754,4,16688,14982,8866
20500,62,61,230,1,3655,2370,4270
20304,62,62,639,2,7457,6016,3100
20500,63,62,230,1,3752,2471,4340
19393,63,63,1506,4,13603,12493,11025
20237,64,63,212,1,4094,2624,3150
19977,65,65,1620,4,16624,14488,11635
20237,65,64,212,1,3952,2481,3200
19977,65,65,1605,4,14802,12718,10706
20304,65,65,624,2,7755,6097,3250
20304,65,65,624,2,7147,5628,3250
19977,65,65,1452,3,12592,11072,11623
19977,66,66,991,2,9333,8050,8448
19977,66,66,862,2,9714,7957,10896
19393,66,66,602,2,6516,5257,11550
20304,67,67,844,2,9747,8099,3350
20304,68,68,212,1,4257,2572,3400
20304,69,69,212,1,4407,2788,3450
19977,69,69,967,2,10714,9054,10350
19977,70,70,680,2,7644,6334,8960
19977,70,70,967,2,10235,8327,10500
19393,71,69,1605,4,14862,13226,9867
19393,71,70,602,2,7271,6031,12250
19393,71,71,896,2,9140,7858,10153
19977,72,72,1754,4,16654,15000,11940
20237,72,72,300,1,5151,3392,3600
20237,73,72,516,2,7135,5576,3600
19393,73,74,883,2,10274,8960,10582
19393,73,73,853,2,9541,8008,12775
20237,74,74,516,2,7151,5351,3700
19393,74,74,957,2,10998,9572,12950
19393,74,74,495,1,6720,5525,10582
20452,75,74,391,1,6650,4368,5180
19393,75,74,1452,3,14007,12594,10582
20237,75,75,300,1,5668,3922,3750
19393,75,77,495,1,6594,5183,11011
19393,76,77,991,2,12007,10619,13475
19393,76,76,794,2,9672,8363,10868
19393,76,76,1024,3,12726,11073,13300
20304,77,77,627,2,9083,7266,3850
19977,77,77,1620,4,16800,14968,12770
21599,78,78,179,1,4958,4024,624
20358,78,77,109,1,3589,2369,1463
20358,78,76,109,1,3539,2327,1444
21599,78,78,179,1,4687,3711,624
19393,79,80,991,2,11376,9848,11440
19393,79,79,896,2,11383,9992,11297
19393,79,79,349,1,5485,4293,11297
19930,79,79,1024,3,12031,9909,14122
19977,79,79,862,2,10623,8866,12946
19977,79,79,846,2,10578,8668,11850
19930,79,79,1024,3,13505,11562,14122
19977,80,79,846,2,10666,9055,11850
19977,80,80,862,2,11873,9325,14296
20436,80,80,1476,3,18690,16280,14400
19977,81,81,1620,4,20267,18071,13434
19977,81,81,967,2,11779,9493,14487
19805,81,75,888,2,11295,9497,10500
20304,81,81,627,2,9144,7132,4050
19977,81,81,967,2,12797,10648,14487
20436,81,81,1476,3,16036,14191,14580
19393,82,79,883,2,10528,9045,11297
19805,82,76,888,2,11205,8812,10640
19393,82,82,794,2,9649,8277,11726
19977,82,82,1620,4,18108,15994,14654
19977,82,82,862,2,11074,9106,14666
19977,83,83,1452,3,18847,16479,14821
19393,83,83,349,1,5645,4250,11869
19393,83,83,850,2,11467,10030,11869
19393,83,82,977,2,11120,9585,11726
19393,83,82,850,2,10553,8889,11726
19393,84,79,1620,4,20187,17692,11297
19393,84,85,472,1,6689,5217,12155
19393,84,84,472,1,7622,6169,12012
19393,84,82,883,2,11232,9595,14350
19393,84,85,1491,3,16477,14799,12155
19393,85,85,1199,3,15822,13716,14875
20304,85,85,391,1,7503,5253,6460
19977,86,84,1605,4,18739,16083,15036
20304,86,86,216,1,5188,3539,4300
19393,86,85,770,2,9653,8077,12155
20304,86,86,216,1,5406,3299,4300
19393,86,86,1546,4,19567,17827,12298
21171,86,84,967,2,13094,11154,12441
21171,86,84,967,2,12038,9940,12441
19393,86,86,1546,4,17925,16032,15050
19393,87,86,1014,3,13740,12221,12298
20304,89,89,458,1,8273,6001,4450
19393,89,88,948,2,12352,10763,12584
19805,89,88,862,2,14129,10365,11264
20304,89,89,458,1,8981,6703,4450
19393,89,88,1491,3,17204,15411,15400
20398,90,88,773,2,11678,9603,6688
20378,90,86,674,2,10060,7657,6641
20398,90,88,773,2,10913,8849,6688
19805,90,88,862,2,12691,9784,11264
20378,90,86,674,2,9912,8082,6656
19393,91,91,957,2,12669,10840,13013
20304,92,90,73,1,4135,1873,6840
19977,93,93,1024,3,14279,11689,13950
19805,93,92,888,2,13588,10638,14720
19805,93,92,888,2,14146,11673,14720
19393,95,95,1024,3,14537,12032,13585
19393,96,96,883,2,13195,11610,16800
19393,97,98,1014,3,13881,12072,14014
19393,97,97,967,2,15156,12980,13871
19393,100,99,1199,3,16717,14467,14157
20304,100,100,1024,3,16347,13301,7600
19977,101,101,1605,4,26047,22180,18079
20304,101,101,1024,3,18472,15747,7676
20304,101,100,844,2,14095,11619,5000
19977,102,102,967,2,16236,13480,16740
19393,103,101,770,2,13160,11527,14443
19393,103,102,977,2,15780,14127,14586
19977,104,104,1024,3,17901,15044,15600
19393,105,105,853,2,13647,11640,15015
19393,106,106,775,2,12506,10558,15158
19393,108,108,948,2,16181,14127,15444
20304,108,108,391,1,10150,7066,8208
19393,109,109,775,2,13633,11719,15587
20500,112,112,250,1,7719,5054,7840
20500,113,113,250,1,7573,5265,7910
19393,113,113,909,2,16729,14503,16159
19393,115,114,895,2,16618,14549,16302
19977,116,116,967,2,17179,13709,18992
19393,120,120,909,2,15589,13545,17160
19805,121,117,592,2,12594,9404,16380
19805,121,118,592,2,13118,10210,16520
19393,123,121,895,2,15950,13622,21175
19393,125,124,967,2,17821,14744,17732
19393,129,128,1491,3,28980,26297,22400
20304,129,127,73,1,5910,2532,6350
19977,130,129,862,2,18290,15176,19350
19393,130,130,680,2,14141,11728,18590
19393,132,131,853,2,17658,15410,18733
19393,132,132,680,2,15405,12896,18876
20304,137,135,73,1,6039,2356,6750
19977,137,137,1452,3,30778,27351,22682
20304,138,138,862,2,19658,15907,10488
20304,138,138,862,2,20777,16874,10488
19393,142,141,846,2,19026,16501,20163
19393,142,142,846,2,18061,15598,20306
19790,144,142,1199,3,26305,22729,22448
19393,145,145,391,1,11740,9051,20735
19393,145,143,895,2,18938,16115,20449
19790,146,145,1199,3,24814,21350,22923
19977,147,146,1452,3,27707,24609,24164
19790,151,149,680,2,16468,13496,23558
19790,151,152,680,2,18583,14719,24026
19393,152,150,895,2,22252,19112,26250
19393,153,151,651,2,16417,13469,21593
19393,158,158,391,1,12106,9154,22594
19393,163,159,651,2,18506,15355,22737
19977,165,164,862,2,22301,18641,24600
19393,170,170,862,2,22444,18811,24310
19393,173,173,862,2,24701,20327,24739
20304,176,171,125,1,8963,5119,11970
20304,178,174,125,1,8558,4771,12180
19393,180,180,533,2,18044,14790,25740
19805,180,180,1337,3,37846,32669,33660
19805,180,178,1337,3,33712,28726,33286
19393,190,189,533,2,16515,13269,27027
19393,211,210,602,2,21967,17990,30030
19393,213,213,602,2,20668,17082,30459
19393,217,216,628,2,22073,17909,30888
19977,218,216,888,2,32847,27055,35808
19805,231,227,641,2,26311,20059,41399
19977,231,227,888,2,32562,26103,37646
19393,257,255,628,2,27096,22502,36465
19805,260,256,641,2,31553,24413,46828
